{
  "type": "FeatureCollection",
  "features": [
    {
      "type": "Feature",
      "geometry": {
        "type": "Point",
        "coordinates": [
          -88.8219865,
          42.2410254
        ]
      },
      "properties": {
        "osm_id": "node/233832238",
        "name": null,
        "operator": null,
        "norec_status": "OSM_ONLY",
        "osm_surveillance_type": "camera",
        "camera_type": "fixed",
        "camera_mount": "pole",
        "raw_tags": {
          "camera:mount": "pole",
          "camera:type": "fixed",
          "highway": "traffic_signals",
          "man_made": "surveillance",
          "surveillance": "public",
          "surveillance:type": "camera",
          "surveillance:zone": "traffic"
        }
      }
    },
    {
      "type": "Feature",
      "geometry": {
        "type": "Point",
        "coordinates": [
          -88.9101246,
          42.2761529
        ]
      },
      "properties": {
        "osm_id": "node/233837714",
        "name": null,
        "operator": null,
        "norec_status": "OSM_ONLY",
        "osm_surveillance_type": "camera",
        "camera_type": null,
        "camera_mount": "pole",
        "raw_tags": {
          "camera:mount": "pole",
          "highway": "traffic_signals",
          "man_made": "surveillance",
          "surveillance": "outdoor",
          "surveillance:type": "camera",
          "surveillance:zone": "traffic"
        }
      }
    },
    {
      "type": "Feature",
      "geometry": {
        "type": "Point",
        "coordinates": [
          -88.8219593,
          42.2408493
        ]
      },
      "properties": {
        "osm_id": "node/233844238",
        "name": null,
        "operator": null,
        "norec_status": "OSM_ONLY",
        "osm_surveillance_type": "camera",
        "camera_type": "fixed",
        "camera_mount": "pole",
        "raw_tags": {
          "camera:mount": "pole",
          "camera:type": "fixed",
          "highway": "traffic_signals",
          "man_made": "surveillance",
          "surveillance": "public",
          "surveillance:type": "camera",
          "surveillance:zone": "traffic"
        }
      }
    },
    {
      "type": "Feature",
      "geometry": {
        "type": "Point",
        "coordinates": [
          -92.3717429,
          38.9540794
        ]
      },
      "properties": {
        "osm_id": "node/1819035708",
        "name": null,
        "operator": "City of Columbia",
        "norec_status": "OSM_ONLY",
        "osm_surveillance_type": "ALPR",
        "camera_type": "fixed",
        "camera_mount": null,
        "raw_tags": {
          "camera:type": "fixed",
          "direction": "170;260",
          "man_made": "surveillance",
          "manufacturer": "Flock Safety",
          "manufacturer:wikidata": "Q108485435",
          "operator": "City of Columbia",
          "operator:wikidata": "Q59670",
          "surveillance": "public",
          "surveillance:type": "ALPR",
          "surveillance:zone": "traffic"
        }
      }
    },
    {
      "type": "Feature",
      "geometry": {
        "type": "Point",
        "coordinates": [
          -92.3336095,
          38.9687557
        ]
      },
      "properties": {
        "osm_id": "node/5553507166",
        "name": null,
        "operator": null,
        "norec_status": "OSM_ONLY",
        "osm_surveillance_type": "camera",
        "camera_type": null,
        "camera_mount": null,
        "raw_tags": {
          "man_made": "surveillance",
          "surveillance": "outdoor",
          "surveillance:type": "camera",
          "surveillance:zone": "traffic"
        }
      }
    },
    {
      "type": "Feature",
      "geometry": {
        "type": "Point",
        "coordinates": [
          -92.4007323,
          38.971085
        ]
      },
      "properties": {
        "osm_id": "node/5553507169",
        "name": null,
        "operator": null,
        "norec_status": "OSM_ONLY",
        "osm_surveillance_type": "camera",
        "camera_type": "dome",
        "camera_mount": null,
        "raw_tags": {
          "camera:type": "dome",
          "check_date": "2025-09-06",
          "man_made": "surveillance",
          "surveillance": "outdoor",
          "surveillance:type": "camera",
          "surveillance:zone": "traffic"
        }
      }
    },
    {
      "type": "Feature",
      "geometry": {
        "type": "Point",
        "coordinates": [
          -92.5337893,
          38.9669073
        ]
      },
      "properties": {
        "osm_id": "node/5555199693",
        "name": null,
        "operator": null,
        "norec_status": "OSM_ONLY",
        "osm_surveillance_type": "camera",
        "camera_type": "dome",
        "camera_mount": "pole",
        "raw_tags": {
          "camera:mount": "pole",
          "camera:type": "dome",
          "man_made": "surveillance",
          "surveillance": "outdoor",
          "surveillance:type": "camera",
          "surveillance:zone": "traffic"
        }
      }
    },
    {
      "type": "Feature",
      "geometry": {
        "type": "Point",
        "coordinates": [
          -93.8795633,
          42.0348238
        ]
      },
      "properties": {
        "osm_id": "node/5808310779",
        "name": null,
        "operator": "Iowa Department of Transportation",
        "norec_status": "OSM_ONLY",
        "osm_surveillance_type": "camera",
        "camera_type": "dome",
        "camera_mount": "pole",
        "raw_tags": {
          "camera:mount": "pole",
          "camera:type": "dome",
          "contact:webcam": "https://hb.511ia.org/#cameras/albumView/59143335?timeFrame=TODAY&layers=cameras",
          "man_made": "surveillance",
          "operator": "Iowa Department of Transportation",
          "ref": "BNTV01",
          "surveillance": "traffic",
          "surveillance:type": "camera",
          "surveillance:zone": "traffic"
        }
      }
    },
    {
      "type": "Feature",
      "geometry": {
        "type": "Point",
        "coordinates": [
          -88.9386002,
          42.2476212
        ]
      },
      "properties": {
        "osm_id": "node/6235287277",
        "name": null,
        "operator": "Illinois Department of Transportation",
        "norec_status": "OSM_ONLY",
        "osm_surveillance_type": "camera",
        "camera_type": null,
        "camera_mount": null,
        "raw_tags": {
          "man_made": "surveillance",
          "operator": "Illinois Department of Transportation",
          "operator:short": "IDOT",
          "operator:type": "government",
          "operator:wikidata": "Q4925114",
          "surveillance:type": "camera"
        }
      }
    },
    {
      "type": "Feature",
      "geometry": {
        "type": "Point",
        "coordinates": [
          -93.7244889,
          42.0226611
        ]
      },
      "properties": {
        "osm_id": "node/6533530057",
        "name": null,
        "operator": "Iowa Department of Transportation",
        "norec_status": "OSM_ONLY",
        "osm_surveillance_type": "camera",
        "camera_type": "dome",
        "camera_mount": "pole",
        "raw_tags": {
          "camera:mount": "pole",
          "camera:type": "dome",
          "contact:webcam": "https://hb.511ia.org/#cameras/albumView/59153356?timeFrame=TODAY&layers=cameras%2CgoogleTraffic",
          "man_made": "surveillance",
          "operator": "Iowa Department of Transportation",
          "ref": "AMTV11",
          "surveillance": "traffic",
          "surveillance:type": "camera",
          "surveillance:zone": "traffic"
        }
      }
    },
    {
      "type": "Feature",
      "geometry": {
        "type": "Point",
        "coordinates": [
          -93.6988024,
          42.0148946
        ]
      },
      "properties": {
        "osm_id": "node/6533530058",
        "name": null,
        "operator": "Iowa Department of Transportation",
        "norec_status": "OSM_ONLY",
        "osm_surveillance_type": "camera",
        "camera_type": "dome",
        "camera_mount": "pole",
        "raw_tags": {
          "camera:mount": "pole",
          "camera:type": "dome",
          "contact:webcam": "https://hb.511ia.org/#cameras/albumView/59153219?timeFrame=TODAY&layers=cameras%2CgoogleTraffic",
          "man_made": "surveillance",
          "operator": "Iowa Department of Transportation",
          "ref": "AMTV12",
          "surveillance": "traffic",
          "surveillance:type": "camera",
          "surveillance:zone": "traffic"
        }
      }
    },
    {
      "type": "Feature",
      "geometry": {
        "type": "Point",
        "coordinates": [
          -93.8490842,
          42.0344984
        ]
      },
      "properties": {
        "osm_id": "node/6533543654",
        "name": null,
        "operator": "Iowa Department of Transportation",
        "norec_status": "OSM_ONLY",
        "osm_surveillance_type": "camera",
        "camera_type": "dome",
        "camera_mount": "pole",
        "raw_tags": {
          "camera:mount": "pole",
          "camera:type": "dome",
          "contact:webcam": "https://hb.511ia.org/#cameras/albumView/59153560?timeFrame=TODAY&layers=cameras%2CgoogleTraffic",
          "man_made": "surveillance",
          "operator": "Iowa Department of Transportation",
          "ref": "BNTV02",
          "surveillance": "traffic",
          "surveillance:type": "camera",
          "surveillance:zone": "traffic"
        }
      }
    },
    {
      "type": "Feature",
      "geometry": {
        "type": "Point",
        "coordinates": [
          -93.8155402,
          42.0342977
        ]
      },
      "properties": {
        "osm_id": "node/6533543655",
        "name": null,
        "operator": "Iowa Department of Transportation",
        "norec_status": "OSM_ONLY",
        "osm_surveillance_type": "camera",
        "camera_type": "dome",
        "camera_mount": "pole",
        "raw_tags": {
          "camera:mount": "pole",
          "camera:type": "dome",
          "contact:webcam": "https://hb.511ia.org/#cameras/albumView/59153177?timeFrame=TODAY&layers=cameras%2CgoogleTraffic",
          "man_made": "surveillance",
          "operator": "Iowa Department of Transportation",
          "ref": "BNTV03",
          "surveillance": "traffic",
          "surveillance:type": "camera",
          "surveillance:zone": "traffic"
        }
      }
    },
    {
      "type": "Feature",
      "geometry": {
        "type": "Point",
        "coordinates": [
          -93.7937509,
          42.0275255
        ]
      },
      "properties": {
        "osm_id": "node/6533543656",
        "name": null,
        "operator": "Iowa Department of Transportation",
        "norec_status": "OSM_ONLY",
        "osm_surveillance_type": "camera",
        "camera_type": "dome",
        "camera_mount": "pole",
        "raw_tags": {
          "camera:mount": "pole",
          "camera:type": "dome",
          "contact:webcam": "https://hb.511ia.org/#cameras/albumView/59153422?timeFrame=TODAY&layers=cameras%2CgoogleTraffic",
          "man_made": "surveillance",
          "operator": "Iowa Department of Transportation",
          "ref": "BNTV04",
          "surveillance": "traffic",
          "surveillance:type": "camera",
          "surveillance:zone": "traffic"
        }
      }
    },
    {
      "type": "Feature",
      "geometry": {
        "type": "Point",
        "coordinates": [
          -93.7772423,
          42.0230529
        ]
      },
      "properties": {
        "osm_id": "node/6533543657",
        "name": null,
        "operator": "Iowa Department of Transportation",
        "norec_status": "OSM_ONLY",
        "osm_surveillance_type": "camera",
        "camera_type": "dome",
        "camera_mount": "pole",
        "raw_tags": {
          "camera:mount": "pole",
          "camera:type": "dome",
          "contact:webcam": "https://hb.511ia.org/#cameras/albumView/59153302?timeFrame=TODAY&layers=cameras%2CgoogleTraffic",
          "man_made": "surveillance",
          "operator": "Iowa Department of Transportation",
          "ref": "BNTV05",
          "surveillance": "traffic",
          "surveillance:type": "camera",
          "surveillance:zone": "traffic"
        }
      }
    },
    {
      "type": "Feature",
      "geometry": {
        "type": "Point",
        "coordinates": [
          -84.6430431,
          38.8672371
        ]
      },
      "properties": {
        "osm_id": "node/7105924326",
        "name": null,
        "operator": null,
        "norec_status": "OSM_ONLY",
        "osm_surveillance_type": "ALPR",
        "camera_type": null,
        "camera_mount": null,
        "raw_tags": {
          "man_made": "surveillance",
          "surveillance": "traffic",
          "surveillance:type": "ALPR",
          "surveillance:zone": "traffic"
        }
      }
    },
    {
      "type": "Feature",
      "geometry": {
        "type": "Point",
        "coordinates": [
          -88.8220254,
          42.2411759
        ]
      },
      "properties": {
        "osm_id": "node/8474071648",
        "name": null,
        "operator": null,
        "norec_status": "OSM_ONLY",
        "osm_surveillance_type": "camera",
        "camera_type": "fixed",
        "camera_mount": "pole",
        "raw_tags": {
          "camera:mount": "pole",
          "camera:type": "fixed",
          "man_made": "surveillance",
          "surveillance": "public",
          "surveillance:type": "camera",
          "surveillance:zone": "traffic"
        }
      }
    },
    {
      "type": "Feature",
      "geometry": {
        "type": "Point",
        "coordinates": [
          -88.8217149,
          42.2759627
        ]
      },
      "properties": {
        "osm_id": "node/9081304484",
        "name": null,
        "operator": null,
        "norec_status": "OSM_ONLY",
        "osm_surveillance_type": "camera",
        "camera_type": null,
        "camera_mount": "pole",
        "raw_tags": {
          "camera:mount": "pole",
          "man_made": "surveillance",
          "surveillance": "outdoor",
          "surveillance:type": "camera"
        }
      }
    },
    {
      "type": "Feature",
      "geometry": {
        "type": "Point",
        "coordinates": [
          -84.640799,
          39.0450214
        ]
      },
      "properties": {
        "osm_id": "node/9657195083",
        "name": null,
        "operator": null,
        "norec_status": "OSM_ONLY",
        "osm_surveillance_type": "camera",
        "camera_type": "dome",
        "camera_mount": "pole",
        "raw_tags": {
          "camera:mount": "pole",
          "camera:type": "dome",
          "man_made": "surveillance",
          "surveillance": "outdoor",
          "surveillance:type": "camera",
          "surveillance:zone": "area"
        }
      }
    },
    {
      "type": "Feature",
      "geometry": {
        "type": "Point",
        "coordinates": [
          -84.6904753,
          39.0783268
        ]
      },
      "properties": {
        "osm_id": "node/11242613185",
        "name": null,
        "operator": null,
        "norec_status": "OSM_ONLY",
        "osm_surveillance_type": "camera",
        "camera_type": "dome",
        "camera_mount": "pole",
        "raw_tags": {
          "camera:mount": "pole",
          "camera:type": "dome",
          "man_made": "surveillance",
          "surveillance": "traffic",
          "surveillance:type": "camera"
        }
      }
    },
    {
      "type": "Feature",
      "geometry": {
        "type": "Point",
        "coordinates": [
          -84.6771771,
          39.0717652
        ]
      },
      "properties": {
        "osm_id": "node/11273273651",
        "name": null,
        "operator": null,
        "norec_status": "OSM_ONLY",
        "osm_surveillance_type": "ALPR",
        "camera_type": "fixed",
        "camera_mount": "pole",
        "raw_tags": {
          "camera:mount": "pole",
          "camera:type": "fixed",
          "direction": "190",
          "highway": "street_lamp",
          "lamp_type": "led",
          "man_made": "surveillance",
          "manufacturer": "Flock Safety",
          "manufacturer:wikidata": "Q108485435",
          "surveillance": "public",
          "surveillance:type": "ALPR",
          "surveillance:zone": "traffic"
        }
      }
    },
    {
      "type": "Feature",
      "geometry": {
        "type": "Point",
        "coordinates": [
          -84.6771771,
          39.0712703
        ]
      },
      "properties": {
        "osm_id": "node/11273273652",
        "name": null,
        "operator": null,
        "norec_status": "OSM_ONLY",
        "osm_surveillance_type": "ALPR",
        "camera_type": "fixed",
        "camera_mount": "pole",
        "raw_tags": {
          "camera:mount": "pole",
          "camera:type": "fixed",
          "direction": "350",
          "highway": "street_lamp",
          "lamp_type": "led",
          "man_made": "surveillance",
          "manufacturer": "Flock Safety",
          "manufacturer:wikidata": "Q108485435",
          "surveillance": "public",
          "surveillance:type": "ALPR",
          "surveillance:zone": "traffic"
        }
      }
    },
    {
      "type": "Feature",
      "geometry": {
        "type": "Point",
        "coordinates": [
          -92.3344309,
          38.9379568
        ]
      },
      "properties": {
        "osm_id": "node/12446135275",
        "name": null,
        "operator": null,
        "norec_status": "OSM_ONLY",
        "osm_surveillance_type": "ALPR",
        "camera_type": "fixed",
        "camera_mount": null,
        "raw_tags": {
          "camera:type": "fixed",
          "direction": "195;262",
          "man_made": "surveillance",
          "manufacturer": "Flock Safety",
          "manufacturer:wikidata": "Q108485435",
          "surveillance:type": "ALPR"
        }
      }
    },
    {
      "type": "Feature",
      "geometry": {
        "type": "Point",
        "coordinates": [
          -92.3341118,
          38.9379459
        ]
      },
      "properties": {
        "osm_id": "node/12446135276",
        "name": null,
        "operator": null,
        "norec_status": "OSM_ONLY",
        "osm_surveillance_type": "ALPR",
        "camera_type": "fixed",
        "camera_mount": null,
        "raw_tags": {
          "camera:type": "fixed",
          "direction": "345",
          "man_made": "surveillance",
          "manufacturer": "Flock Safety",
          "manufacturer:wikidata": "Q108485435",
          "surveillance": "public",
          "surveillance:type": "ALPR",
          "surveillance:zone": "traffic"
        }
      }
    },
    {
      "type": "Feature",
      "geometry": {
        "type": "Point",
        "coordinates": [
          -92.3341644,
          38.9376832
        ]
      },
      "properties": {
        "osm_id": "node/12446135277",
        "name": null,
        "operator": null,
        "norec_status": "OSM_ONLY",
        "osm_surveillance_type": "ALPR",
        "camera_type": "fixed",
        "camera_mount": null,
        "raw_tags": {
          "camera:type": "fixed",
          "direction": "320;73",
          "man_made": "surveillance",
          "manufacturer": "Flock Safety",
          "manufacturer:wikidata": "Q108485435",
          "surveillance:type": "ALPR"
        }
      }
    },
    {
      "type": "Feature",
      "geometry": {
        "type": "Point",
        "coordinates": [
          -92.3344882,
          38.9376953
        ]
      },
      "properties": {
        "osm_id": "node/12446135278",
        "name": null,
        "operator": null,
        "norec_status": "OSM_ONLY",
        "osm_surveillance_type": "ALPR",
        "camera_type": "fixed",
        "camera_mount": null,
        "raw_tags": {
          "camera:type": "fixed",
          "direction": "145",
          "man_made": "surveillance",
          "manufacturer": "Flock Safety",
          "manufacturer:wikidata": "Q108485435",
          "surveillance:type": "ALPR"
        }
      }
    },
    {
      "type": "Feature",
      "geometry": {
        "type": "Point",
        "coordinates": [
          -92.3607373,
          38.9750317
        ]
      },
      "properties": {
        "osm_id": "node/12540377398",
        "name": null,
        "operator": "City of Columbia",
        "norec_status": "OSM_ONLY",
        "osm_surveillance_type": "ALPR",
        "camera_type": "fixed",
        "camera_mount": null,
        "raw_tags": {
          "camera:type": "fixed",
          "direction": "68-138",
          "man_made": "surveillance",
          "manufacturer": "Flock Safety",
          "manufacturer:wikidata": "Q108485435",
          "operator": "City of Columbia",
          "operator:wikidata": "Q59670",
          "surveillance:type": "ALPR"
        }
      }
    },
    {
      "type": "Feature",
      "geometry": {
        "type": "Point",
        "coordinates": [
          -86.2428206,
          39.9551993
        ]
      },
      "properties": {
        "osm_id": "node/12541004549",
        "name": null,
        "operator": null,
        "norec_status": "OSM_ONLY",
        "osm_surveillance_type": "ALPR",
        "camera_type": "fixed",
        "camera_mount": "pole",
        "raw_tags": {
          "camera:mount": "pole",
          "camera:type": "fixed",
          "direction": "70",
          "man_made": "surveillance",
          "manufacturer": "Flock Safety",
          "manufacturer:wikidata": "Q108485435",
          "surveillance": "public",
          "surveillance:type": "ALPR",
          "surveillance:zone": "traffic"
        }
      }
    },
    {
      "type": "Feature",
      "geometry": {
        "type": "Point",
        "coordinates": [
          -86.2415695,
          40.041626
        ]
      },
      "properties": {
        "osm_id": "node/12541007747",
        "name": null,
        "operator": null,
        "norec_status": "OSM_ONLY",
        "osm_surveillance_type": "ALPR",
        "camera_type": "fixed",
        "camera_mount": "pole",
        "raw_tags": {
          "camera:mount": "pole",
          "camera:type": "fixed",
          "direction": "250",
          "man_made": "surveillance",
          "manufacturer": "Flock Safety",
          "manufacturer:wikidata": "Q108485435",
          "surveillance": "public",
          "surveillance:type": "ALPR",
          "surveillance:zone": "traffic"
        }
      }
    },
    {
      "type": "Feature",
      "geometry": {
        "type": "Point",
        "coordinates": [
          -92.2488597,
          38.8398733
        ]
      },
      "properties": {
        "osm_id": "node/12627037931",
        "name": null,
        "operator": null,
        "norec_status": "OSM_ONLY",
        "osm_surveillance_type": "ALPR",
        "camera_type": "fixed",
        "camera_mount": "pole",
        "raw_tags": {
          "camera:mount": "pole",
          "camera:type": "fixed",
          "direction": "345",
          "man_made": "surveillance",
          "manufacturer": "Leonardo",
          "surveillance": "public",
          "surveillance:type": "ALPR",
          "surveillance:zone": "traffic"
        }
      }
    },
    {
      "type": "Feature",
      "geometry": {
        "type": "Point",
        "coordinates": [
          -92.2494256,
          38.8398984
        ]
      },
      "properties": {
        "osm_id": "node/12627037932",
        "name": null,
        "operator": null,
        "norec_status": "OSM_ONLY",
        "osm_surveillance_type": "ALPR",
        "camera_type": "fixed",
        "camera_mount": "pole",
        "raw_tags": {
          "camera:mount": "pole",
          "camera:type": "fixed",
          "direction": "165",
          "man_made": "surveillance",
          "manufacturer": "Leonardo",
          "surveillance": "public",
          "surveillance:type": "ALPR",
          "surveillance:zone": "traffic"
        }
      }
    },
    {
      "type": "Feature",
      "geometry": {
        "type": "Point",
        "coordinates": [
          -92.5085648,
          38.9738038
        ]
      },
      "properties": {
        "osm_id": "node/12627037935",
        "name": null,
        "operator": null,
        "norec_status": "OSM_ONLY",
        "osm_surveillance_type": "ALPR",
        "camera_type": "fixed",
        "camera_mount": "pole",
        "raw_tags": {
          "camera:mount": "pole",
          "camera:type": "fixed",
          "direction": "75",
          "man_made": "surveillance",
          "manufacturer": "Leonardo",
          "manufacturer:wikidata": "Q910379",
          "surveillance": "public",
          "surveillance:type": "ALPR",
          "surveillance:zone": "traffic"
        }
      }
    },
    {
      "type": "Feature",
      "geometry": {
        "type": "Point",
        "coordinates": [
          -86.2597972,
          39.9274561
        ]
      },
      "properties": {
        "osm_id": "node/12650166134",
        "name": null,
        "operator": null,
        "norec_status": "OSM_ONLY",
        "osm_surveillance_type": "ALPR",
        "camera_type": "fixed",
        "camera_mount": "pole",
        "raw_tags": {
          "camera:mount": "pole",
          "camera:type": "fixed",
          "direction": "355",
          "man_made": "surveillance",
          "manufacturer": "Flock Safety",
          "manufacturer:wikidata": "Q108485435",
          "surveillance": "public",
          "surveillance:type": "ALPR",
          "surveillance:zone": "traffic"
        }
      }
    },
    {
      "type": "Feature",
      "geometry": {
        "type": "Point",
        "coordinates": [
          -84.6483518,
          39.0117208
        ]
      },
      "properties": {
        "osm_id": "node/12699283888",
        "name": null,
        "operator": null,
        "norec_status": "OSM_ONLY",
        "osm_surveillance_type": "ALPR",
        "camera_type": "fixed",
        "camera_mount": "pole",
        "raw_tags": {
          "camera:mount": "pole",
          "camera:type": "fixed",
          "direction": "195",
          "man_made": "surveillance",
          "manufacturer": "Flock Safety",
          "manufacturer:wikidata": "Q108485435",
          "surveillance": "public",
          "surveillance:type": "ALPR",
          "surveillance:zone": "traffic"
        }
      }
    },
    {
      "type": "Feature",
      "geometry": {
        "type": "Point",
        "coordinates": [
          -84.6526881,
          39.0029556
        ]
      },
      "properties": {
        "osm_id": "node/12699283889",
        "name": null,
        "operator": null,
        "norec_status": "OSM_ONLY",
        "osm_surveillance_type": "ALPR",
        "camera_type": "fixed",
        "camera_mount": "pole",
        "raw_tags": {
          "camera:mount": "pole",
          "camera:type": "fixed",
          "direction": "190",
          "man_made": "surveillance",
          "manufacturer": "Flock Safety",
          "manufacturer:wikidata": "Q108485435",
          "surveillance": "public",
          "surveillance:type": "ALPR",
          "surveillance:zone": "traffic"
        }
      }
    },
    {
      "type": "Feature",
      "geometry": {
        "type": "Point",
        "coordinates": [
          -92.3324074,
          39.1409785
        ]
      },
      "properties": {
        "osm_id": "node/12720441700",
        "name": null,
        "operator": null,
        "norec_status": "OSM_ONLY",
        "osm_surveillance_type": "ALPR",
        "camera_type": "fixed",
        "camera_mount": "pole",
        "raw_tags": {
          "camera:mount": "pole",
          "camera:type": "fixed",
          "direction": "170",
          "man_made": "surveillance",
          "manufacturer": "Leonardo",
          "surveillance": "public",
          "surveillance:type": "ALPR",
          "surveillance:zone": "traffic"
        }
      }
    },
    {
      "type": "Feature",
      "geometry": {
        "type": "Point",
        "coordinates": [
          -93.714947,
          42.0228366
        ]
      },
      "properties": {
        "osm_id": "node/12755684803",
        "name": null,
        "operator": "Westport Station Office Park",
        "norec_status": "OSM_ONLY",
        "osm_surveillance_type": "ALPR",
        "camera_type": "fixed",
        "camera_mount": "pole",
        "raw_tags": {
          "camera:mount": "pole",
          "camera:type": "fixed",
          "direction": "170",
          "man_made": "surveillance",
          "manufacturer": "Flock Safety",
          "manufacturer:wikidata": "Q108485435",
          "operator": "Westport Station Office Park",
          "surveillance": "private",
          "surveillance:type": "ALPR",
          "surveillance:zone": "traffic"
        }
      }
    },
    {
      "type": "Feature",
      "geometry": {
        "type": "Point",
        "coordinates": [
          -92.3223736,
          38.9564
        ]
      },
      "properties": {
        "osm_id": "node/12766964796",
        "name": null,
        "operator": null,
        "norec_status": "OSM_ONLY",
        "osm_surveillance_type": "ALPR",
        "camera_type": "fixed",
        "camera_mount": null,
        "raw_tags": {
          "camera:type": "fixed",
          "direction": "247;122",
          "man_made": "surveillance",
          "manufacturer": "Flock Safety",
          "manufacturer:wikidata": "Q108485435",
          "surveillance": "public",
          "surveillance:type": "ALPR",
          "surveillance:zone": "traffic"
        }
      }
    },
    {
      "type": "Feature",
      "geometry": {
        "type": "Point",
        "coordinates": [
          -92.4628273,
          38.9011604
        ]
      },
      "properties": {
        "osm_id": "node/12785537489",
        "name": null,
        "operator": null,
        "norec_status": "OSM_ONLY",
        "osm_surveillance_type": "ALPR",
        "camera_type": "fixed",
        "camera_mount": "pole",
        "raw_tags": {
          "camera:mount": "pole",
          "camera:type": "fixed",
          "direction": "205",
          "man_made": "surveillance",
          "manufacturer": "Flock Safety",
          "manufacturer:wikidata": "Q108485435",
          "surveillance": "public",
          "surveillance:type": "ALPR",
          "surveillance:zone": "traffic"
        }
      }
    },
    {
      "type": "Feature",
      "geometry": {
        "type": "Point",
        "coordinates": [
          -92.4560973,
          38.8863688
        ]
      },
      "properties": {
        "osm_id": "node/12785545590",
        "name": null,
        "operator": null,
        "norec_status": "OSM_ONLY",
        "osm_surveillance_type": "ALPR",
        "camera_type": "fixed",
        "camera_mount": "pole",
        "raw_tags": {
          "camera:mount": "pole",
          "camera:type": "fixed",
          "direction": "230",
          "man_made": "surveillance",
          "manufacturer": "Flock Safety",
          "manufacturer:wikidata": "Q108485435",
          "surveillance": "public",
          "surveillance:type": "ALPR",
          "surveillance:zone": "traffic"
        }
      }
    },
    {
      "type": "Feature",
      "geometry": {
        "type": "Point",
        "coordinates": [
          -92.3248499,
          38.9638932
        ]
      },
      "properties": {
        "osm_id": "node/12785565230",
        "name": null,
        "operator": "City of Columbia",
        "norec_status": "OSM_ONLY",
        "osm_surveillance_type": "ALPR",
        "camera_type": "fixed",
        "camera_mount": "pole",
        "raw_tags": {
          "camera:mount": "pole",
          "camera:type": "fixed",
          "direction": "229",
          "man_made": "surveillance",
          "manufacturer": "Flock Safety",
          "manufacturer:wikidata": "Q108485435",
          "operator": "City of Columbia",
          "operator:wikidata": "Q59670",
          "surveillance": "public",
          "surveillance:type": "ALPR",
          "surveillance:zone": "traffic"
        }
      }
    },
    {
      "type": "Feature",
      "geometry": {
        "type": "Point",
        "coordinates": [
          -86.2787321,
          39.9274819
        ]
      },
      "properties": {
        "osm_id": "node/12796412571",
        "name": null,
        "operator": "ZionsvillePD",
        "norec_status": "OSM_ONLY",
        "osm_surveillance_type": "ALPR",
        "camera_type": "fixed",
        "camera_mount": "pole",
        "raw_tags": {
          "camera:mount": "pole",
          "camera:type": "fixed",
          "direction": "345",
          "man_made": "surveillance",
          "manufacturer": "Flock Safety",
          "manufacturer:wikidata": "Q108485435",
          "operator": "ZionsvillePD",
          "surveillance": "public",
          "surveillance:type": "ALPR",
          "surveillance:zone": "traffic"
        }
      }
    },
    {
      "type": "Feature",
      "geometry": {
        "type": "Point",
        "coordinates": [
          -86.241602,
          39.9407602
        ]
      },
      "properties": {
        "osm_id": "node/12797992650",
        "name": null,
        "operator": null,
        "norec_status": "OSM_ONLY",
        "osm_surveillance_type": "ALPR",
        "camera_type": "fixed",
        "camera_mount": "pole",
        "raw_tags": {
          "camera:mount": "pole",
          "camera:type": "fixed",
          "direction": "260",
          "man_made": "surveillance",
          "manufacturer": "Flock Safety",
          "manufacturer:wikidata": "Q108485435",
          "surveillance": "public",
          "surveillance:type": "ALPR",
          "surveillance:zone": "traffic"
        }
      }
    },
    {
      "type": "Feature",
      "geometry": {
        "type": "Point",
        "coordinates": [
          -86.2418496,
          39.9405835
        ]
      },
      "properties": {
        "osm_id": "node/12797992651",
        "name": null,
        "operator": null,
        "norec_status": "OSM_ONLY",
        "osm_surveillance_type": "ALPR",
        "camera_type": "fixed",
        "camera_mount": "pole",
        "raw_tags": {
          "camera:mount": "pole",
          "camera:type": "fixed",
          "direction": "80",
          "man_made": "surveillance",
          "manufacturer": "Flock Safety",
          "manufacturer:wikidata": "Q108485435",
          "surveillance": "public",
          "surveillance:type": "ALPR",
          "surveillance:zone": "traffic"
        }
      }
    },
    {
      "type": "Feature",
      "geometry": {
        "type": "Point",
        "coordinates": [
          -86.248452,
          39.9547921
        ]
      },
      "properties": {
        "osm_id": "node/12798366973",
        "name": null,
        "operator": null,
        "norec_status": "OSM_ONLY",
        "osm_surveillance_type": "ALPR",
        "camera_type": "fixed",
        "camera_mount": "pole",
        "raw_tags": {
          "camera:mount": "pole",
          "camera:type": "fixed",
          "direction": "210",
          "man_made": "surveillance",
          "manufacturer": "Flock Safety",
          "manufacturer:wikidata": "Q108485435",
          "surveillance": "public",
          "surveillance:type": "ALPR",
          "surveillance:zone": "traffic"
        }
      }
    },
    {
      "type": "Feature",
      "geometry": {
        "type": "Point",
        "coordinates": [
          -86.2407531,
          39.9498893
        ]
      },
      "properties": {
        "osm_id": "node/12802632835",
        "name": null,
        "operator": null,
        "norec_status": "OSM_ONLY",
        "osm_surveillance_type": "ALPR",
        "camera_type": "fixed",
        "camera_mount": "pole",
        "raw_tags": {
          "camera:mount": "pole",
          "camera:type": "fixed",
          "direction": "155",
          "man_made": "surveillance",
          "manufacturer": "Flock Safety",
          "manufacturer:wikidata": "Q108485435",
          "surveillance": "public",
          "surveillance:type": "ALPR",
          "surveillance:zone": "traffic"
        }
      }
    },
    {
      "type": "Feature",
      "geometry": {
        "type": "Point",
        "coordinates": [
          -86.2485903,
          39.962548
        ]
      },
      "properties": {
        "osm_id": "node/12802632836",
        "name": null,
        "operator": null,
        "norec_status": "OSM_ONLY",
        "osm_surveillance_type": "ALPR",
        "camera_type": "fixed",
        "camera_mount": "pole",
        "raw_tags": {
          "camera:mount": "pole",
          "camera:type": "fixed",
          "direction": "260",
          "man_made": "surveillance",
          "manufacturer": "Flock Safety",
          "manufacturer:wikidata": "Q108485435",
          "surveillance": "public",
          "surveillance:type": "ALPR",
          "surveillance:zone": "traffic"
        }
      }
    },
    {
      "type": "Feature",
      "geometry": {
        "type": "Point",
        "coordinates": [
          -86.3383347,
          39.9282718
        ]
      },
      "properties": {
        "osm_id": "node/12804358472",
        "name": null,
        "operator": null,
        "norec_status": "OSM_ONLY",
        "osm_surveillance_type": "ALPR",
        "camera_type": "fixed",
        "camera_mount": "pole",
        "raw_tags": {
          "camera:mount": "pole",
          "camera:type": "fixed",
          "direction": "305",
          "man_made": "surveillance",
          "manufacturer": "Flock Safety",
          "manufacturer:wikidata": "Q108485435",
          "surveillance": "public",
          "surveillance:type": "ALPR",
          "surveillance:zone": "traffic"
        }
      }
    },
    {
      "type": "Feature",
      "geometry": {
        "type": "Point",
        "coordinates": [
          -86.3181816,
          39.9495684
        ]
      },
      "properties": {
        "osm_id": "node/12804403275",
        "name": null,
        "operator": null,
        "norec_status": "OSM_ONLY",
        "osm_surveillance_type": "ALPR",
        "camera_type": "fixed",
        "camera_mount": "pole",
        "raw_tags": {
          "camera:mount": "pole",
          "camera:type": "fixed",
          "direction": "75",
          "man_made": "surveillance",
          "manufacturer": "Flock Safety",
          "manufacturer:wikidata": "Q108485435",
          "surveillance": "public",
          "surveillance:type": "ALPR",
          "surveillance:zone": "traffic"
        }
      }
    },
    {
      "type": "Feature",
      "geometry": {
        "type": "Point",
        "coordinates": [
          -86.3501253,
          39.9486041
        ]
      },
      "properties": {
        "osm_id": "node/12804403276",
        "name": null,
        "operator": null,
        "norec_status": "OSM_ONLY",
        "osm_surveillance_type": "ALPR",
        "camera_type": "fixed",
        "camera_mount": "pole",
        "raw_tags": {
          "camera:mount": "pole",
          "camera:type": "fixed",
          "direction": "50",
          "man_made": "surveillance",
          "manufacturer": "Flock Safety",
          "manufacturer:wikidata": "Q108485435",
          "surveillance": "public",
          "surveillance:type": "ALPR",
          "surveillance:zone": "traffic"
        }
      }
    },
    {
      "type": "Feature",
      "geometry": {
        "type": "Point",
        "coordinates": [
          -86.3495177,
          39.9489921
        ]
      },
      "properties": {
        "osm_id": "node/12804403277",
        "name": null,
        "operator": null,
        "norec_status": "OSM_ONLY",
        "osm_surveillance_type": "ALPR",
        "camera_type": "fixed",
        "camera_mount": "pole",
        "raw_tags": {
          "camera:mount": "pole",
          "camera:type": "fixed",
          "direction": "235",
          "man_made": "surveillance",
          "manufacturer": "Flock Safety",
          "manufacturer:wikidata": "Q108485435",
          "surveillance": "public",
          "surveillance:type": "ALPR",
          "surveillance:zone": "traffic"
        }
      }
    },
    {
      "type": "Feature",
      "geometry": {
        "type": "Point",
        "coordinates": [
          -86.6196711,
          39.9438771
        ]
      },
      "properties": {
        "osm_id": "node/12806640090",
        "name": null,
        "operator": null,
        "norec_status": "OSM_ONLY",
        "osm_surveillance_type": "ALPR",
        "camera_type": "fixed",
        "camera_mount": "pole",
        "raw_tags": {
          "camera:mount": "pole",
          "camera:type": "fixed",
          "direction": "350",
          "man_made": "surveillance",
          "manufacturer": "Flock Safety",
          "manufacturer:wikidata": "Q108485435",
          "surveillance": "public",
          "surveillance:type": "ALPR",
          "surveillance:zone": "traffic"
        }
      }
    },
    {
      "type": "Feature",
      "geometry": {
        "type": "Point",
        "coordinates": [
          -86.5342334,
          39.9225959
        ]
      },
      "properties": {
        "osm_id": "node/12806647479",
        "name": null,
        "operator": null,
        "norec_status": "OSM_ONLY",
        "osm_surveillance_type": "ALPR",
        "camera_type": "fixed",
        "camera_mount": "pole",
        "raw_tags": {
          "camera:mount": "pole",
          "camera:type": "fixed",
          "direction": "350",
          "man_made": "surveillance",
          "manufacturer": "Flock Safety",
          "manufacturer:wikidata": "Q108485435",
          "surveillance": "public",
          "surveillance:type": "ALPR",
          "surveillance:zone": "traffic"
        }
      }
    },
    {
      "type": "Feature",
      "geometry": {
        "type": "Point",
        "coordinates": [
          -86.6954406,
          40.0546785
        ]
      },
      "properties": {
        "osm_id": "node/12806655581",
        "name": null,
        "operator": null,
        "norec_status": "OSM_ONLY",
        "osm_surveillance_type": "ALPR",
        "camera_type": "fixed",
        "camera_mount": "pole",
        "raw_tags": {
          "camera:mount": "pole",
          "camera:type": "fixed",
          "direction": "80",
          "man_made": "surveillance",
          "manufacturer": "Flock Safety",
          "manufacturer:wikidata": "Q108485435",
          "surveillance": "public",
          "surveillance:type": "ALPR",
          "surveillance:zone": "traffic"
        }
      }
    },
    {
      "type": "Feature",
      "geometry": {
        "type": "Point",
        "coordinates": [
          -86.6953833,
          40.1383957
        ]
      },
      "properties": {
        "osm_id": "node/12806702631",
        "name": null,
        "operator": null,
        "norec_status": "OSM_ONLY",
        "osm_surveillance_type": "ALPR",
        "camera_type": "fixed",
        "camera_mount": "pole",
        "raw_tags": {
          "camera:mount": "pole",
          "camera:type": "fixed",
          "direction": "65",
          "man_made": "surveillance",
          "manufacturer": "Flock Safety",
          "manufacturer:wikidata": "Q108485435",
          "surveillance": "public",
          "surveillance:type": "ALPR",
          "surveillance:zone": "traffic"
        }
      }
    },
    {
      "type": "Feature",
      "geometry": {
        "type": "Point",
        "coordinates": [
          -86.4870873,
          40.177149
        ]
      },
      "properties": {
        "osm_id": "node/12806726694",
        "name": null,
        "operator": null,
        "norec_status": "OSM_ONLY",
        "osm_surveillance_type": "ALPR",
        "camera_type": "fixed",
        "camera_mount": "pole",
        "raw_tags": {
          "camera:mount": "pole",
          "camera:type": "fixed",
          "direction": "170",
          "man_made": "surveillance",
          "manufacturer": "Flock Safety",
          "manufacturer:wikidata": "Q108485435",
          "surveillance": "public",
          "surveillance:type": "ALPR",
          "surveillance:zone": "traffic"
        }
      }
    },
    {
      "type": "Feature",
      "geometry": {
        "type": "Point",
        "coordinates": [
          -86.3496055,
          40.1715471
        ]
      },
      "properties": {
        "osm_id": "node/12806744061",
        "name": null,
        "operator": null,
        "norec_status": "OSM_ONLY",
        "osm_surveillance_type": "ALPR",
        "camera_type": "fixed",
        "camera_mount": "pole",
        "raw_tags": {
          "camera:mount": "pole",
          "camera:type": "fixed",
          "direction": "155",
          "man_made": "surveillance",
          "manufacturer": "Flock Safety",
          "manufacturer:wikidata": "Q108485435",
          "surveillance": "public",
          "surveillance:type": "ALPR",
          "surveillance:zone": "traffic"
        }
      }
    },
    {
      "type": "Feature",
      "geometry": {
        "type": "Point",
        "coordinates": [
          -86.2423073,
          40.1296791
        ]
      },
      "properties": {
        "osm_id": "node/12806760309",
        "name": null,
        "operator": null,
        "norec_status": "OSM_ONLY",
        "osm_surveillance_type": "ALPR",
        "camera_type": "fixed",
        "camera_mount": "pole",
        "raw_tags": {
          "camera:mount": "pole",
          "camera:type": "fixed",
          "direction": "260",
          "man_made": "surveillance",
          "manufacturer": "Flock Safety",
          "manufacturer:wikidata": "Q108485435",
          "surveillance": "public",
          "surveillance:type": "ALPR",
          "surveillance:zone": "traffic"
        }
      }
    },
    {
      "type": "Feature",
      "geometry": {
        "type": "Point",
        "coordinates": [
          -86.2464699,
          39.9987931
        ]
      },
      "properties": {
        "osm_id": "node/12806765130",
        "name": null,
        "operator": null,
        "norec_status": "OSM_ONLY",
        "osm_surveillance_type": "ALPR",
        "camera_type": "fixed",
        "camera_mount": "pole",
        "raw_tags": {
          "camera:mount": "pole",
          "camera:type": "fixed",
          "direction": "260",
          "man_made": "surveillance",
          "manufacturer": "Flock Safety",
          "manufacturer:wikidata": "Q108485435",
          "surveillance": "public",
          "surveillance:type": "ALPR",
          "surveillance:zone": "traffic"
        }
      }
    },
    {
      "type": "Feature",
      "geometry": {
        "type": "Point",
        "coordinates": [
          -86.338738,
          39.9310463
        ]
      },
      "properties": {
        "osm_id": "node/12807462287",
        "name": null,
        "operator": null,
        "norec_status": "OSM_ONLY",
        "osm_surveillance_type": "ALPR",
        "camera_type": "fixed",
        "camera_mount": "pole",
        "raw_tags": {
          "camera:mount": "pole",
          "camera:type": "fixed",
          "direction": "60",
          "man_made": "surveillance",
          "manufacturer": "Flock Safety",
          "manufacturer:wikidata": "Q108485435",
          "surveillance": "public",
          "surveillance:type": "ALPR",
          "surveillance:zone": "traffic"
        }
      }
    },
    {
      "type": "Feature",
      "geometry": {
        "type": "Point",
        "coordinates": [
          -86.2559091,
          39.9766149
        ]
      },
      "properties": {
        "osm_id": "node/12807504370",
        "name": null,
        "operator": null,
        "norec_status": "OSM_ONLY",
        "osm_surveillance_type": "ALPR",
        "camera_type": "fixed",
        "camera_mount": "pole",
        "raw_tags": {
          "camera:mount": "pole",
          "camera:type": "fixed",
          "direction": "330",
          "man_made": "surveillance",
          "manufacturer": "Flock Safety",
          "manufacturer:wikidata": "Q108485435",
          "surveillance": "public",
          "surveillance:type": "ALPR",
          "surveillance:zone": "traffic"
        }
      }
    },
    {
      "type": "Feature",
      "geometry": {
        "type": "Point",
        "coordinates": [
          -86.2560929,
          39.9766985
        ]
      },
      "properties": {
        "osm_id": "node/12807504371",
        "name": null,
        "operator": null,
        "norec_status": "OSM_ONLY",
        "osm_surveillance_type": "ALPR",
        "camera_type": "fixed",
        "camera_mount": "pole",
        "raw_tags": {
          "camera:mount": "pole",
          "camera:type": "fixed",
          "direction": "165",
          "man_made": "surveillance",
          "manufacturer": "Flock Safety",
          "manufacturer:wikidata": "Q108485435",
          "surveillance": "public",
          "surveillance:type": "ALPR",
          "surveillance:zone": "traffic"
        }
      }
    },
    {
      "type": "Feature",
      "geometry": {
        "type": "Point",
        "coordinates": [
          -86.4504126,
          40.0311133
        ]
      },
      "properties": {
        "osm_id": "node/12811748636",
        "name": null,
        "operator": null,
        "norec_status": "OSM_ONLY",
        "osm_surveillance_type": "ALPR",
        "camera_type": "fixed",
        "camera_mount": "pole",
        "raw_tags": {
          "camera:mount": "pole",
          "camera:type": "fixed",
          "direction": "320",
          "man_made": "surveillance",
          "manufacturer": "Flock Safety",
          "manufacturer:wikidata": "Q108485435",
          "surveillance": "public",
          "surveillance:type": "ALPR",
          "surveillance:zone": "traffic"
        }
      }
    },
    {
      "type": "Feature",
      "geometry": {
        "type": "Point",
        "coordinates": [
          -86.2576842,
          39.9823533
        ]
      },
      "properties": {
        "osm_id": "node/12817885730",
        "name": null,
        "operator": null,
        "norec_status": "OSM_ONLY",
        "osm_surveillance_type": "ALPR",
        "camera_type": "fixed",
        "camera_mount": "pole",
        "raw_tags": {
          "camera:mount": "pole",
          "camera:type": "fixed",
          "direction": "85",
          "man_made": "surveillance",
          "manufacturer": "Flock Safety",
          "manufacturer:wikidata": "Q108485435",
          "surveillance": "public",
          "surveillance:type": "ALPR",
          "surveillance:zone": "traffic"
        }
      }
    },
    {
      "type": "Feature",
      "geometry": {
        "type": "Point",
        "coordinates": [
          -86.2577676,
          39.9825169
        ]
      },
      "properties": {
        "osm_id": "node/12817885731",
        "name": null,
        "operator": null,
        "norec_status": "OSM_ONLY",
        "osm_surveillance_type": "ALPR",
        "camera_type": "fixed",
        "camera_mount": "pole",
        "raw_tags": {
          "camera:mount": "pole",
          "camera:type": "fixed",
          "direction": "260",
          "man_made": "surveillance",
          "manufacturer": "Flock Safety",
          "manufacturer:wikidata": "Q108485435",
          "surveillance": "public",
          "surveillance:type": "ALPR",
          "surveillance:zone": "traffic"
        }
      }
    },
    {
      "type": "Feature",
      "geometry": {
        "type": "Point",
        "coordinates": [
          -86.2626207,
          39.9890939
        ]
      },
      "properties": {
        "osm_id": "node/12817885732",
        "name": null,
        "operator": null,
        "norec_status": "OSM_ONLY",
        "osm_surveillance_type": "ALPR",
        "camera_type": "fixed",
        "camera_mount": "pole",
        "raw_tags": {
          "camera:mount": "pole",
          "camera:type": "fixed",
          "direction": "275",
          "man_made": "surveillance",
          "manufacturer": "Flock Safety",
          "manufacturer:wikidata": "Q108485435",
          "surveillance": "public",
          "surveillance:type": "ALPR",
          "surveillance:zone": "traffic"
        }
      }
    },
    {
      "type": "Feature",
      "geometry": {
        "type": "Point",
        "coordinates": [
          -86.2624834,
          39.989091
        ]
      },
      "properties": {
        "osm_id": "node/12817885733",
        "name": null,
        "operator": null,
        "norec_status": "OSM_ONLY",
        "osm_surveillance_type": "ALPR",
        "camera_type": "fixed",
        "camera_mount": "pole",
        "raw_tags": {
          "camera:mount": "pole",
          "camera:type": "fixed",
          "direction": "95",
          "man_made": "surveillance",
          "manufacturer": "Flock Safety",
          "manufacturer:wikidata": "Q108485435",
          "surveillance": "public",
          "surveillance:type": "ALPR",
          "surveillance:zone": "traffic"
        }
      }
    },
    {
      "type": "Feature",
      "geometry": {
        "type": "Point",
        "coordinates": [
          -86.3460238,
          39.9839148
        ]
      },
      "properties": {
        "osm_id": "node/12845340379",
        "name": null,
        "operator": null,
        "norec_status": "OSM_ONLY",
        "osm_surveillance_type": "ALPR",
        "camera_type": "fixed",
        "camera_mount": "pole",
        "raw_tags": {
          "camera:mount": "pole",
          "camera:type": "fixed",
          "direction": "165",
          "man_made": "surveillance",
          "manufacturer": "Flock Safety",
          "manufacturer:wikidata": "Q108485435",
          "surveillance": "public",
          "surveillance:type": "ALPR",
          "surveillance:zone": "traffic"
        }
      }
    },
    {
      "type": "Feature",
      "geometry": {
        "type": "Point",
        "coordinates": [
          -92.2822373,
          39.0080217
        ]
      },
      "properties": {
        "osm_id": "node/12871274326",
        "name": null,
        "operator": "City of Columbia",
        "norec_status": "OSM_ONLY",
        "osm_surveillance_type": "ALPR",
        "camera_type": "fixed",
        "camera_mount": null,
        "raw_tags": {
          "camera:type": "fixed",
          "direction": "20",
          "man_made": "surveillance",
          "manufacturer": "Flock Safety",
          "manufacturer:wikidata": "Q108485435",
          "operator": "City of Columbia",
          "operator:wikidata": "Q97124243",
          "surveillance:type": "ALPR"
        }
      }
    },
    {
      "type": "Feature",
      "geometry": {
        "type": "Point",
        "coordinates": [
          -92.2799783,
          39.0115195
        ]
      },
      "properties": {
        "osm_id": "node/12871294282",
        "name": null,
        "operator": "City of Columbia",
        "norec_status": "OSM_ONLY",
        "osm_surveillance_type": "ALPR",
        "camera_type": "fixed",
        "camera_mount": null,
        "raw_tags": {
          "camera:type": "fixed",
          "direction": "190",
          "man_made": "surveillance",
          "manufacturer": "Flock Safety",
          "manufacturer:wikidata": "Q108485435",
          "operator": "City of Columbia",
          "operator:wikidata": "Q97124243",
          "surveillance": "traffic",
          "surveillance:type": "ALPR",
          "surveillance:zone": "traffic"
        }
      }
    },
    {
      "type": "Feature",
      "geometry": {
        "type": "Point",
        "coordinates": [
          -92.3384146,
          38.9806333
        ]
      },
      "properties": {
        "osm_id": "node/12871311828",
        "name": null,
        "operator": "City of Columbia",
        "norec_status": "OSM_ONLY",
        "osm_surveillance_type": "ALPR",
        "camera_type": "fixed",
        "camera_mount": null,
        "raw_tags": {
          "camera:type": "fixed",
          "direction": "95",
          "man_made": "surveillance",
          "manufacturer": "Flock Safety",
          "manufacturer:wikidata": "Q108485435",
          "operator": "City of Columbia",
          "operator:wikidata": "Q59670",
          "surveillance": "public",
          "surveillance:type": "ALPR",
          "surveillance:zone": "traffic"
        }
      }
    },
    {
      "type": "Feature",
      "geometry": {
        "type": "Point",
        "coordinates": [
          -92.4550691,
          39.1359729
        ]
      },
      "properties": {
        "osm_id": "node/12882641779",
        "name": null,
        "operator": "Town of Harrisburg, Mo",
        "norec_status": "OSM_ONLY",
        "osm_surveillance_type": "ALPR",
        "camera_type": "fixed",
        "camera_mount": null,
        "raw_tags": {
          "camera:type": "fixed",
          "direction": "305",
          "man_made": "surveillance",
          "manufacturer": "Flock Safety",
          "manufacturer:wikidata": "Q108485435",
          "operator": "Town of Harrisburg, Mo",
          "operator:wikidata": "Q956750",
          "surveillance": "alpr",
          "surveillance:type": "ALPR",
          "surveillance:zone": "traffic"
        }
      }
    },
    {
      "type": "Feature",
      "geometry": {
        "type": "Point",
        "coordinates": [
          -92.4661713,
          39.1452953
        ]
      },
      "properties": {
        "osm_id": "node/12882641780",
        "name": null,
        "operator": "Town of Harrisburg, Mo",
        "norec_status": "OSM_ONLY",
        "osm_surveillance_type": "ALPR",
        "camera_type": "fixed",
        "camera_mount": null,
        "raw_tags": {
          "camera:type": "fixed",
          "direction": "120",
          "man_made": "surveillance",
          "manufacturer": "Flock Safety",
          "manufacturer:wikidata": "Q108485435",
          "operator": "Town of Harrisburg, Mo",
          "operator:wikidata": "Q956750",
          "surveillance": "alpr",
          "surveillance:type": "ALPR",
          "surveillance:zone": "traffic"
        }
      }
    },
    {
      "type": "Feature",
      "geometry": {
        "type": "Point",
        "coordinates": [
          -92.2914265,
          38.9814412
        ]
      },
      "properties": {
        "osm_id": "node/12884899212",
        "name": null,
        "operator": "City of Columbia",
        "norec_status": "OSM_ONLY",
        "osm_surveillance_type": "ALPR",
        "camera_type": "fixed",
        "camera_mount": null,
        "raw_tags": {
          "camera:type": "fixed",
          "direction": "40;320",
          "man_made": "surveillance",
          "manufacturer": "Flock Safety",
          "manufacturer:wikidata": "Q108485435",
          "operator": "City of Columbia",
          "operator:wikidata": "Q97124243",
          "surveillance": "traffic",
          "surveillance:type": "ALPR",
          "surveillance:zone": "traffic"
        }
      }
    },
    {
      "type": "Feature",
      "geometry": {
        "type": "Point",
        "coordinates": [
          -84.6499756,
          38.9829582
        ]
      },
      "properties": {
        "osm_id": "node/12889842401",
        "name": null,
        "operator": null,
        "norec_status": "OSM_ONLY",
        "osm_surveillance_type": "ALPR",
        "camera_type": "fixed",
        "camera_mount": null,
        "raw_tags": {
          "camera:type": "fixed",
          "direction": "310",
          "man_made": "surveillance",
          "manufacturer": "Flock Safety",
          "manufacturer:wikidata": "Q108485435",
          "surveillance": "traffic",
          "surveillance:type": "ALPR",
          "surveillance:zone": "traffic"
        }
      }
    },
    {
      "type": "Feature",
      "geometry": {
        "type": "Point",
        "coordinates": [
          -86.3895054,
          39.9822318
        ]
      },
      "properties": {
        "osm_id": "node/12895981473",
        "name": null,
        "operator": null,
        "norec_status": "OSM_ONLY",
        "osm_surveillance_type": "ALPR",
        "camera_type": "fixed",
        "camera_mount": null,
        "raw_tags": {
          "camera:type": "fixed",
          "direction": "80",
          "man_made": "surveillance",
          "manufacturer": "Flock Safety",
          "manufacturer:wikidata": "Q108485435",
          "surveillance:type": "ALPR"
        }
      }
    },
    {
      "type": "Feature",
      "geometry": {
        "type": "Point",
        "coordinates": [
          -92.2919224,
          38.9815551
        ]
      },
      "properties": {
        "osm_id": "node/12898565525",
        "name": null,
        "operator": "City of Columbia",
        "norec_status": "OSM_ONLY",
        "osm_surveillance_type": "ALPR",
        "camera_type": "fixed",
        "camera_mount": null,
        "raw_tags": {
          "camera:type": "fixed",
          "direction": "230;150",
          "man_made": "surveillance",
          "manufacturer": "Flock Safety",
          "manufacturer:wikidata": "Q108485435",
          "operator": "City of Columbia",
          "operator:wikidata": "Q97124243",
          "surveillance": "traffic",
          "surveillance:type": "ALPR",
          "surveillance:zone": "traffic"
        }
      }
    },
    {
      "type": "Feature",
      "geometry": {
        "type": "Point",
        "coordinates": [
          -92.2925616,
          38.9822627
        ]
      },
      "properties": {
        "osm_id": "node/12898565526",
        "name": null,
        "operator": "City of Columbia",
        "norec_status": "OSM_ONLY",
        "osm_surveillance_type": "ALPR",
        "camera_type": "fixed",
        "camera_mount": null,
        "raw_tags": {
          "camera:type": "fixed",
          "direction": "310",
          "man_made": "surveillance",
          "manufacturer": "Flock Safety",
          "manufacturer:wikidata": "Q108485435",
          "operator": "City of Columbia",
          "operator:wikidata": "Q97124243",
          "surveillance": "traffic",
          "surveillance:type": "ALPR",
          "surveillance:zone": "traffic"
        }
      }
    },
    {
      "type": "Feature",
      "geometry": {
        "type": "Point",
        "coordinates": [
          -92.2838655,
          38.9759147
        ]
      },
      "properties": {
        "osm_id": "node/12925124793",
        "name": null,
        "operator": null,
        "norec_status": "OSM_ONLY",
        "osm_surveillance_type": "ALPR",
        "camera_type": "fixed",
        "camera_mount": null,
        "raw_tags": {
          "camera:type": "fixed",
          "direction": "190",
          "man_made": "surveillance",
          "manufacturer": "Flock Safety",
          "manufacturer:wikidata": "Q108485435",
          "surveillance:type": "ALPR"
        }
      }
    },
    {
      "type": "Feature",
      "geometry": {
        "type": "Point",
        "coordinates": [
          -92.3712139,
          38.9540334
        ]
      },
      "properties": {
        "osm_id": "node/12941753403",
        "name": null,
        "operator": "City of Columbia",
        "norec_status": "OSM_ONLY",
        "osm_surveillance_type": "ALPR",
        "camera_type": "fixed",
        "camera_mount": null,
        "raw_tags": {
          "camera:type": "fixed",
          "direction": "340",
          "man_made": "surveillance",
          "manufacturer": "Flock Safety",
          "manufacturer:wikidata": "Q108485435",
          "operator": "City of Columbia",
          "operator:wikidata": "Q59670",
          "surveillance": "public",
          "surveillance:type": "ALPR",
          "surveillance:zone": "traffic"
        }
      }
    },
    {
      "type": "Feature",
      "geometry": {
        "type": "Point",
        "coordinates": [
          -92.3711652,
          38.9538028
        ]
      },
      "properties": {
        "osm_id": "node/12941753404",
        "name": null,
        "operator": "City of Columbia",
        "norec_status": "OSM_ONLY",
        "osm_surveillance_type": "ALPR",
        "camera_type": "fixed",
        "camera_mount": null,
        "raw_tags": {
          "camera:type": "fixed",
          "direction": "90",
          "man_made": "surveillance",
          "manufacturer": "Flock Safety",
          "manufacturer:wikidata": "Q108485435",
          "operator": "City of Columbia",
          "operator:wikidata": "Q59670",
          "surveillance": "public",
          "surveillance:type": "ALPR",
          "surveillance:zone": "traffic"
        }
      }
    },
    {
      "type": "Feature",
      "geometry": {
        "type": "Point",
        "coordinates": [
          -92.3138256,
          38.9683417
        ]
      },
      "properties": {
        "osm_id": "node/12941753405",
        "name": null,
        "operator": null,
        "norec_status": "OSM_ONLY",
        "osm_surveillance_type": "ALPR",
        "camera_type": null,
        "camera_mount": null,
        "raw_tags": {
          "direction": "200-270",
          "man_made": "surveillance",
          "manufacturer": "Flock Safety",
          "surveillance": "traffic",
          "surveillance:type": "ALPR",
          "surveillance:zone": "traffic",
          "wikidata": "Q108485435"
        }
      }
    },
    {
      "type": "Feature",
      "geometry": {
        "type": "Point",
        "coordinates": [
          -92.362328,
          38.9585419
        ]
      },
      "properties": {
        "osm_id": "node/12944665072",
        "name": null,
        "operator": "City of Columbia",
        "norec_status": "OSM_ONLY",
        "osm_surveillance_type": "ALPR",
        "camera_type": "fixed",
        "camera_mount": null,
        "raw_tags": {
          "camera:type": "fixed",
          "direction": "249",
          "man_made": "surveillance",
          "manufacturer": "Flock Safety",
          "manufacturer:wikidata": "Q108485435",
          "operator": "City of Columbia",
          "operator:wikidata": "Q59670",
          "surveillance": "public",
          "surveillance:type": "ALPR",
          "surveillance:zone": "traffic"
        }
      }
    },
    {
      "type": "Feature",
      "geometry": {
        "type": "Point",
        "coordinates": [
          -92.336007,
          38.9693617
        ]
      },
      "properties": {
        "osm_id": "node/12944665800",
        "name": null,
        "operator": null,
        "norec_status": "OSM_ONLY",
        "osm_surveillance_type": "ALPR",
        "camera_type": "fixed",
        "camera_mount": "pole",
        "raw_tags": {
          "camera:direction": "257",
          "camera:mount": "pole",
          "camera:type": "fixed",
          "man_made": "surveillance",
          "manufacturer": "Flock Safety",
          "manufacturer:wikidata": "Q108485435",
          "surveillance": "traffic",
          "surveillance:type": "ALPR",
          "surveillance:zone": "traffic"
        }
      }
    },
    {
      "type": "Feature",
      "geometry": {
        "type": "Point",
        "coordinates": [
          -92.3087407,
          38.9850659
        ]
      },
      "properties": {
        "osm_id": "node/12947330264",
        "name": null,
        "operator": "City of Columbia",
        "norec_status": "OSM_ONLY",
        "osm_surveillance_type": "ALPR",
        "camera_type": "fixed",
        "camera_mount": null,
        "raw_tags": {
          "camera:type": "fixed",
          "direction": "0",
          "man_made": "surveillance",
          "manufacturer": "Flock Safety",
          "manufacturer:wikidata": "Q108485435",
          "operator": "City of Columbia",
          "operator:wikidata": "Q97124243",
          "surveillance": "traffic",
          "surveillance:type": "ALPR",
          "surveillance:zone": "traffic"
        }
      }
    },
    {
      "type": "Feature",
      "geometry": {
        "type": "Point",
        "coordinates": [
          -92.3110398,
          39.0180335
        ]
      },
      "properties": {
        "osm_id": "node/12947780380",
        "name": null,
        "operator": null,
        "norec_status": "OSM_ONLY",
        "osm_surveillance_type": "ALPR",
        "camera_type": "fixed",
        "camera_mount": null,
        "raw_tags": {
          "camera:type": "fixed",
          "direction": "90",
          "man_made": "surveillance",
          "manufacturer": "Flock Safety",
          "manufacturer:wikidata": "Q108485435",
          "surveillance:type": "ALPR"
        }
      }
    },
    {
      "type": "Feature",
      "geometry": {
        "type": "Point",
        "coordinates": [
          -92.2833289,
          38.9756014
        ]
      },
      "properties": {
        "osm_id": "node/12947780381",
        "name": null,
        "operator": null,
        "norec_status": "OSM_ONLY",
        "osm_surveillance_type": "ALPR",
        "camera_type": "fixed",
        "camera_mount": null,
        "raw_tags": {
          "camera:type": "fixed",
          "direction": "0",
          "man_made": "surveillance",
          "manufacturer": "Flock Safety",
          "manufacturer:wikidata": "Q108485435",
          "surveillance:type": "ALPR"
        }
      }
    },
    {
      "type": "Feature",
      "geometry": {
        "type": "Point",
        "coordinates": [
          -92.2937889,
          38.9419103
        ]
      },
      "properties": {
        "osm_id": "node/12947780382",
        "name": null,
        "operator": null,
        "norec_status": "OSM_ONLY",
        "osm_surveillance_type": "ALPR",
        "camera_type": "fixed",
        "camera_mount": null,
        "raw_tags": {
          "camera:type": "fixed",
          "direction": "330",
          "man_made": "surveillance",
          "manufacturer": "Flock Safety",
          "manufacturer:wikidata": "Q108485435",
          "surveillance:type": "ALPR"
        }
      }
    },
    {
      "type": "Feature",
      "geometry": {
        "type": "Point",
        "coordinates": [
          -92.2944582,
          38.942
        ]
      },
      "properties": {
        "osm_id": "node/12955570644",
        "name": null,
        "operator": null,
        "norec_status": "OSM_ONLY",
        "osm_surveillance_type": "ALPR",
        "camera_type": null,
        "camera_mount": null,
        "raw_tags": {
          "direction": "160",
          "man_made": "surveillance",
          "manufacturer": "Flock Safety",
          "surveillance": "traffic",
          "surveillance:type": "ALPR",
          "surveillance:zone": "traffic",
          "wikidata": "Q108485435"
        }
      }
    },
    {
      "type": "Feature",
      "geometry": {
        "type": "Point",
        "coordinates": [
          -86.3461656,
          39.9597569
        ]
      },
      "properties": {
        "osm_id": "node/12964481505",
        "name": null,
        "operator": null,
        "norec_status": "OSM_ONLY",
        "osm_surveillance_type": "ALPR",
        "camera_type": "fixed",
        "camera_mount": null,
        "raw_tags": {
          "camera:type": "fixed",
          "direction": "180",
          "man_made": "surveillance",
          "manufacturer": "Flock Safety",
          "manufacturer:wikidata": "Q108485435",
          "surveillance:type": "ALPR"
        }
      }
    },
    {
      "type": "Feature",
      "geometry": {
        "type": "Point",
        "coordinates": [
          -84.6431613,
          39.0558825
        ]
      },
      "properties": {
        "osm_id": "node/12981533149",
        "name": null,
        "operator": "CVG Airport",
        "norec_status": "OSM_ONLY",
        "osm_surveillance_type": "ALPR",
        "camera_type": "fixed",
        "camera_mount": null,
        "raw_tags": {
          "camera:type": "fixed",
          "direction": "145",
          "man_made": "surveillance",
          "manufacturer": "Flock Safety",
          "manufacturer:wikidata": "Q151121",
          "operator": "CVG Airport",
          "operator:wikidata": "Q6392521",
          "surveillance": "outdoor",
          "surveillance:type": "ALPR",
          "surveillance:zone": "traffic"
        }
      }
    },
    {
      "type": "Feature",
      "geometry": {
        "type": "Point",
        "coordinates": [
          -84.6428765,
          39.0558591
        ]
      },
      "properties": {
        "osm_id": "node/12981533150",
        "name": null,
        "operator": "CVG Airport",
        "norec_status": "OSM_ONLY",
        "osm_surveillance_type": "ALPR",
        "camera_type": "fixed",
        "camera_mount": null,
        "raw_tags": {
          "camera:type": "fixed",
          "direction": "330",
          "man_made": "surveillance",
          "manufacturer": "Flock Safety",
          "manufacturer:wikidata": "Q151121",
          "operator": "CVG Airport",
          "operator:wikidata": "Q6392521",
          "surveillance": "outdoor",
          "surveillance:type": "ALPR",
          "surveillance:zone": "traffic"
        }
      }
    },
    {
      "type": "Feature",
      "geometry": {
        "type": "Point",
        "coordinates": [
          -84.635551,
          39.014457
        ]
      },
      "properties": {
        "osm_id": "node/12981533153",
        "name": null,
        "operator": null,
        "norec_status": "OSM_ONLY",
        "osm_surveillance_type": "ALPR",
        "camera_type": "fixed",
        "camera_mount": null,
        "raw_tags": {
          "camera:type": "fixed",
          "direction": "145",
          "man_made": "surveillance",
          "manufacturer": "Flock Safety",
          "manufacturer:wikidata": "Q151121",
          "surveillance": "outdoor",
          "surveillance:type": "ALPR"
        }
      }
    },
    {
      "type": "Feature",
      "geometry": {
        "type": "Point",
        "coordinates": [
          -92.3105581,
          39.0183774
        ]
      },
      "properties": {
        "osm_id": "node/12984945401",
        "name": null,
        "operator": "City of Columbia",
        "norec_status": "OSM_ONLY",
        "osm_surveillance_type": "ALPR",
        "camera_type": "fixed",
        "camera_mount": null,
        "raw_tags": {
          "camera:type": "fixed",
          "direction": "295",
          "man_made": "surveillance",
          "manufacturer": "Flock Safety",
          "manufacturer:wikidata": "Q108485435",
          "operator": "City of Columbia",
          "operator:wikidata": "Q97124243",
          "surveillance": "traffic",
          "surveillance:type": "ALPR",
          "surveillance:zone": "traffic"
        }
      }
    },
    {
      "type": "Feature",
      "geometry": {
        "type": "Point",
        "coordinates": [
          -92.3513258,
          38.9866226
        ]
      },
      "properties": {
        "osm_id": "node/12984945402",
        "name": null,
        "operator": "City of Columbia",
        "norec_status": "OSM_ONLY",
        "osm_surveillance_type": "ALPR",
        "camera_type": "fixed",
        "camera_mount": null,
        "raw_tags": {
          "camera:type": "fixed",
          "direction": "185",
          "man_made": "surveillance",
          "manufacturer": "Flock Safety",
          "manufacturer:wikidata": "Q108485435",
          "operator": "City of Columbia",
          "operator:wikidata": "Q97124243",
          "surveillance": "traffic",
          "surveillance:type": "ALPR",
          "surveillance:zone": "traffic"
        }
      }
    },
    {
      "type": "Feature",
      "geometry": {
        "type": "Point",
        "coordinates": [
          -92.3511105,
          38.9864905
        ]
      },
      "properties": {
        "osm_id": "node/12984945403",
        "name": null,
        "operator": "City of Columbia",
        "norec_status": "OSM_ONLY",
        "osm_surveillance_type": "ALPR",
        "camera_type": "fixed",
        "camera_mount": null,
        "raw_tags": {
          "camera:type": "fixed",
          "direction": "15",
          "man_made": "surveillance",
          "manufacturer": "Flock Safety",
          "manufacturer:wikidata": "Q108485435",
          "operator": "City of Columbia",
          "operator:wikidata": "Q97124243",
          "surveillance": "traffic",
          "surveillance:type": "ALPR",
          "surveillance:zone": "traffic"
        }
      }
    },
    {
      "type": "Feature",
      "geometry": {
        "type": "Point",
        "coordinates": [
          -92.2660249,
          38.9352219
        ]
      },
      "properties": {
        "osm_id": "node/12986189119",
        "name": null,
        "operator": null,
        "norec_status": "OSM_ONLY",
        "osm_surveillance_type": "ALPR",
        "camera_type": "fixed",
        "camera_mount": null,
        "raw_tags": {
          "camera:type": "fixed",
          "direction": "280",
          "man_made": "surveillance",
          "manufacturer": "Flock Safety",
          "manufacturer:wikidata": "Q108485435",
          "surveillance": "traffic",
          "surveillance:type": "ALPR",
          "surveillance:zone": "traffic"
        }
      }
    },
    {
      "type": "Feature",
      "geometry": {
        "type": "Point",
        "coordinates": [
          -92.2516021,
          38.962458
        ]
      },
      "properties": {
        "osm_id": "node/12995082570",
        "name": null,
        "operator": null,
        "norec_status": "OSM_ONLY",
        "osm_surveillance_type": "ALPR",
        "camera_type": "fixed",
        "camera_mount": null,
        "raw_tags": {
          "camera:type": "fixed",
          "direction": "180",
          "man_made": "surveillance",
          "manufacturer": "Flock Safety",
          "manufacturer:wikidata": "Q108485435",
          "surveillance:type": "ALPR"
        }
      }
    },
    {
      "type": "Feature",
      "geometry": {
        "type": "Point",
        "coordinates": [
          -92.2503409,
          38.9637431
        ]
      },
      "properties": {
        "osm_id": "node/12995082571",
        "name": null,
        "operator": null,
        "norec_status": "OSM_ONLY",
        "osm_surveillance_type": "ALPR",
        "camera_type": "fixed",
        "camera_mount": null,
        "raw_tags": {
          "camera:type": "fixed",
          "direction": "0",
          "man_made": "surveillance",
          "manufacturer": "Flock Safety",
          "manufacturer:wikidata": "Q108485435",
          "surveillance:type": "ALPR"
        }
      }
    },
    {
      "type": "Feature",
      "geometry": {
        "type": "Point",
        "coordinates": [
          -92.2507552,
          38.9630525
        ]
      },
      "properties": {
        "osm_id": "node/12995082572",
        "name": null,
        "operator": null,
        "norec_status": "OSM_ONLY",
        "osm_surveillance_type": "ALPR",
        "camera_type": "fixed",
        "camera_mount": null,
        "raw_tags": {
          "camera:type": "fixed",
          "direction": "335;65",
          "man_made": "surveillance",
          "manufacturer": "Flock Safety",
          "manufacturer:wikidata": "Q108485435",
          "surveillance:type": "ALPR"
        }
      }
    },
    {
      "type": "Feature",
      "geometry": {
        "type": "Point",
        "coordinates": [
          -92.2514704,
          38.9633096
        ]
      },
      "properties": {
        "osm_id": "node/12995082573",
        "name": null,
        "operator": null,
        "norec_status": "OSM_ONLY",
        "osm_surveillance_type": "ALPR",
        "camera_type": "fixed",
        "camera_mount": null,
        "raw_tags": {
          "camera:type": "fixed",
          "direction": "135;225",
          "man_made": "surveillance",
          "manufacturer": "Flock Safety",
          "manufacturer:wikidata": "Q108485435",
          "surveillance:type": "ALPR"
        }
      }
    },
    {
      "type": "Feature",
      "geometry": {
        "type": "Point",
        "coordinates": [
          -88.7112375,
          42.2087001
        ]
      },
      "properties": {
        "osm_id": "node/13002344882",
        "name": null,
        "operator": null,
        "norec_status": "OSM_ONLY",
        "osm_surveillance_type": null,
        "camera_type": null,
        "camera_mount": null,
        "raw_tags": {
          "man_made": "surveillance",
          "tower:construction": "freestanding",
          "tower:type": "traffic"
        }
      }
    },
    {
      "type": "Feature",
      "geometry": {
        "type": "Point",
        "coordinates": [
          -84.657784,
          39.0263712
        ]
      },
      "properties": {
        "osm_id": "node/13007515803",
        "name": null,
        "operator": "DHL",
        "norec_status": "OSM_ONLY",
        "osm_surveillance_type": "ALPR",
        "camera_type": "fixed",
        "camera_mount": null,
        "raw_tags": {
          "camera:type": "fixed",
          "direction": "75",
          "man_made": "surveillance",
          "manufacturer": "Flock Safety",
          "manufacturer:wikidata": "Q108485435",
          "operator": "DHL",
          "operator:wikidata": "Q489815",
          "surveillance:type": "ALPR"
        }
      }
    },
    {
      "type": "Feature",
      "geometry": {
        "type": "Point",
        "coordinates": [
          -84.6578121,
          39.0277045
        ]
      },
      "properties": {
        "osm_id": "node/13007515804",
        "name": null,
        "operator": "DHL",
        "norec_status": "OSM_ONLY",
        "osm_surveillance_type": "ALPR",
        "camera_type": "fixed",
        "camera_mount": null,
        "raw_tags": {
          "camera:type": "fixed",
          "direction": "75",
          "man_made": "surveillance",
          "manufacturer": "Flock Safety",
          "manufacturer:wikidata": "Q108485435",
          "operator": "DHL",
          "operator:wikidata": "Q489815",
          "surveillance:type": "ALPR"
        }
      }
    },
    {
      "type": "Feature",
      "geometry": {
        "type": "Point",
        "coordinates": [
          -84.6577675,
          39.030177
        ]
      },
      "properties": {
        "osm_id": "node/13007515805",
        "name": null,
        "operator": "DHL",
        "norec_status": "OSM_ONLY",
        "osm_surveillance_type": "ALPR",
        "camera_type": "fixed",
        "camera_mount": null,
        "raw_tags": {
          "camera:type": "fixed",
          "direction": "75",
          "man_made": "surveillance",
          "manufacturer": "Flock Safety",
          "manufacturer:wikidata": "Q108485435",
          "operator": "DHL",
          "operator:wikidata": "Q489815",
          "surveillance:type": "ALPR"
        }
      }
    },
    {
      "type": "Feature",
      "geometry": {
        "type": "Point",
        "coordinates": [
          -84.6577774,
          39.0311185
        ]
      },
      "properties": {
        "osm_id": "node/13007515806",
        "name": null,
        "operator": "DHL",
        "norec_status": "OSM_ONLY",
        "osm_surveillance_type": "ALPR",
        "camera_type": "fixed",
        "camera_mount": null,
        "raw_tags": {
          "camera:type": "fixed",
          "direction": "75",
          "man_made": "surveillance",
          "manufacturer": "Flock Safety",
          "manufacturer:wikidata": "Q108485435",
          "operator": "DHL",
          "operator:wikidata": "Q489815",
          "surveillance:type": "ALPR"
        }
      }
    },
    {
      "type": "Feature",
      "geometry": {
        "type": "Point",
        "coordinates": [
          -84.6577873,
          39.0320369
        ]
      },
      "properties": {
        "osm_id": "node/13007515807",
        "name": null,
        "operator": "DHL",
        "norec_status": "OSM_ONLY",
        "osm_surveillance_type": "ALPR",
        "camera_type": "fixed",
        "camera_mount": null,
        "raw_tags": {
          "camera:type": "fixed",
          "direction": "75",
          "man_made": "surveillance",
          "manufacturer": "Flock Safety",
          "manufacturer:wikidata": "Q108485435",
          "operator": "DHL",
          "operator:wikidata": "Q489815",
          "surveillance:type": "ALPR"
        }
      }
    },
    {
      "type": "Feature",
      "geometry": {
        "type": "Point",
        "coordinates": [
          -84.6577509,
          39.0335203
        ]
      },
      "properties": {
        "osm_id": "node/13007515808",
        "name": null,
        "operator": "DHL",
        "norec_status": "OSM_ONLY",
        "osm_surveillance_type": "ALPR",
        "camera_type": "fixed",
        "camera_mount": null,
        "raw_tags": {
          "camera:type": "fixed",
          "direction": "75",
          "man_made": "surveillance",
          "manufacturer": "Flock Safety",
          "manufacturer:wikidata": "Q108485435",
          "operator": "DHL",
          "operator:wikidata": "Q489815",
          "surveillance:type": "ALPR"
        }
      }
    },
    {
      "type": "Feature",
      "geometry": {
        "type": "Point",
        "coordinates": [
          -84.6577807,
          39.0350012
        ]
      },
      "properties": {
        "osm_id": "node/13007515809",
        "name": null,
        "operator": "DHL",
        "norec_status": "OSM_ONLY",
        "osm_surveillance_type": "ALPR",
        "camera_type": "fixed",
        "camera_mount": null,
        "raw_tags": {
          "camera:type": "fixed",
          "direction": "75",
          "man_made": "surveillance",
          "manufacturer": "Flock Safety",
          "manufacturer:wikidata": "Q108485435",
          "operator": "DHL",
          "operator:wikidata": "Q489815",
          "surveillance:type": "ALPR"
        }
      }
    },
    {
      "type": "Feature",
      "geometry": {
        "type": "Point",
        "coordinates": [
          -84.6424647,
          39.0389752
        ]
      },
      "properties": {
        "osm_id": "node/13007519850",
        "name": null,
        "operator": "CVG Airport",
        "norec_status": "OSM_ONLY",
        "osm_surveillance_type": "ALPR",
        "camera_type": "fixed",
        "camera_mount": null,
        "raw_tags": {
          "camera:type": "fixed",
          "direction": "25",
          "man_made": "surveillance",
          "manufacturer": "Flock Safety",
          "manufacturer:wikidata": "Q151121",
          "operator": "CVG Airport",
          "operator:wikidata": "Q6392521",
          "surveillance": "outdoor",
          "surveillance:type": "ALPR",
          "surveillance:zone": "traffic"
        }
      }
    },
    {
      "type": "Feature",
      "geometry": {
        "type": "Point",
        "coordinates": [
          -84.6438156,
          39.0389728
        ]
      },
      "properties": {
        "osm_id": "node/13007519851",
        "name": null,
        "operator": "CVG Airport",
        "norec_status": "OSM_ONLY",
        "osm_surveillance_type": "ALPR",
        "camera_type": "fixed",
        "camera_mount": null,
        "raw_tags": {
          "camera:type": "fixed",
          "direction": "240",
          "man_made": "surveillance",
          "manufacturer": "Flock Safety",
          "manufacturer:wikidata": "Q151121",
          "operator": "CVG Airport",
          "operator:wikidata": "Q6392521",
          "surveillance": "outdoor",
          "surveillance:type": "ALPR",
          "surveillance:zone": "traffic"
        }
      }
    },
    {
      "type": "Feature",
      "geometry": {
        "type": "Point",
        "coordinates": [
          -84.656021,
          39.0230434
        ]
      },
      "properties": {
        "osm_id": "node/13007519852",
        "name": null,
        "operator": "CVG Airport",
        "norec_status": "OSM_ONLY",
        "osm_surveillance_type": "ALPR",
        "camera_type": "fixed",
        "camera_mount": null,
        "raw_tags": {
          "camera:type": "fixed",
          "direction": "290",
          "man_made": "surveillance",
          "manufacturer": "Flock Safety",
          "manufacturer:wikidata": "Q151121",
          "operator": "CVG Airport",
          "operator:wikidata": "Q6392521",
          "surveillance": "outdoor",
          "surveillance:type": "ALPR",
          "surveillance:zone": "traffic"
        }
      }
    },
    {
      "type": "Feature",
      "geometry": {
        "type": "Point",
        "coordinates": [
          -84.6561336,
          39.0228213
        ]
      },
      "properties": {
        "osm_id": "node/13007519853",
        "name": null,
        "operator": "CVG Airport",
        "norec_status": "OSM_ONLY",
        "osm_surveillance_type": "ALPR",
        "camera_type": "fixed",
        "camera_mount": null,
        "raw_tags": {
          "camera:type": "fixed",
          "direction": "50",
          "man_made": "surveillance",
          "manufacturer": "Flock Safety",
          "manufacturer:wikidata": "Q151121",
          "operator": "CVG Airport",
          "operator:wikidata": "Q6392521",
          "surveillance": "outdoor",
          "surveillance:type": "ALPR",
          "surveillance:zone": "traffic"
        }
      }
    },
    {
      "type": "Feature",
      "geometry": {
        "type": "Point",
        "coordinates": [
          -93.0365398,
          36.1944843
        ]
      },
      "properties": {
        "osm_id": "node/13069332462",
        "name": null,
        "operator": null,
        "norec_status": "OSM_ONLY",
        "osm_surveillance_type": "ALPR",
        "camera_type": "fixed",
        "camera_mount": null,
        "raw_tags": {
          "camera:type": "fixed",
          "direction": "288",
          "man_made": "surveillance",
          "manufacturer": "Flock Safety",
          "manufacturer:wikidata": "Q108485435",
          "surveillance": "camera",
          "surveillance:type": "ALPR",
          "surveillance:zone": "traffic"
        }
      }
    },
    {
      "type": "Feature",
      "geometry": {
        "type": "Point",
        "coordinates": [
          -92.278223,
          38.896144
        ]
      },
      "properties": {
        "osm_id": "node/13070058508",
        "name": null,
        "operator": "Columbia, Mo Police Department",
        "norec_status": "OSM_ONLY",
        "osm_surveillance_type": "ALPR",
        "camera_type": "fixed",
        "camera_mount": null,
        "raw_tags": {
          "camera:type": "fixed",
          "direction": "57-127",
          "man_made": "surveillance",
          "manufacturer": "Flock Safety",
          "manufacturer:wikidata": "Q108485435",
          "operator": "Columbia, Mo Police Department",
          "surveillance:type": "ALPR"
        }
      }
    },
    {
      "type": "Feature",
      "geometry": {
        "type": "Point",
        "coordinates": [
          -92.260158,
          38.883846
        ]
      },
      "properties": {
        "osm_id": "node/13070058509",
        "name": null,
        "operator": "Columbia, Mo Police Department",
        "norec_status": "OSM_ONLY",
        "osm_surveillance_type": "ALPR",
        "camera_type": "fixed",
        "camera_mount": null,
        "raw_tags": {
          "camera:type": "fixed",
          "direction": "280",
          "man_made": "surveillance",
          "manufacturer": "Flock Safety",
          "manufacturer:wikidata": "Q108485435",
          "operator": "Columbia, Mo Police Department",
          "surveillance:type": "ALPR"
        }
      }
    },
    {
      "type": "Feature",
      "geometry": {
        "type": "Point",
        "coordinates": [
          -88.7802259,
          42.2321008
        ]
      },
      "properties": {
        "osm_id": "node/13088482395",
        "name": null,
        "operator": null,
        "norec_status": "OSM_ONLY",
        "osm_surveillance_type": null,
        "camera_type": null,
        "camera_mount": null,
        "raw_tags": {
          "man_made": "surveillance",
          "tower:construction": "freestanding",
          "tower:type": "traffic"
        }
      }
    },
    {
      "type": "Feature",
      "geometry": {
        "type": "Point",
        "coordinates": [
          -84.6367762,
          39.0153337
        ]
      },
      "properties": {
        "osm_id": "node/13091373916",
        "name": null,
        "operator": null,
        "norec_status": "OSM_ONLY",
        "osm_surveillance_type": "ALPR",
        "camera_type": "fixed",
        "camera_mount": null,
        "raw_tags": {
          "camera:type": "fixed",
          "direction": "225",
          "man_made": "surveillance",
          "manufacturer": "Flock Safety",
          "manufacturer:wikidata": "Q108485435",
          "surveillance:type": "ALPR"
        }
      }
    },
    {
      "type": "Feature",
      "geometry": {
        "type": "Point",
        "coordinates": [
          -92.3347409,
          38.9102122
        ]
      },
      "properties": {
        "osm_id": "node/13130969400",
        "name": null,
        "operator": "City of Columbia",
        "norec_status": "OSM_ONLY",
        "osm_surveillance_type": "ALPR",
        "camera_type": "fixed",
        "camera_mount": null,
        "raw_tags": {
          "camera:type": "fixed",
          "direction": "80",
          "man_made": "surveillance",
          "manufacturer": "Flock Safety",
          "manufacturer:wikidata": "Q108485435",
          "operator": "City of Columbia",
          "operator:wikidata": "Q59670",
          "surveillance:type": "ALPR"
        }
      }
    },
    {
      "type": "Feature",
      "geometry": {
        "type": "Point",
        "coordinates": [
          -92.3999319,
          38.9150997
        ]
      },
      "properties": {
        "osm_id": "node/13131018434",
        "name": null,
        "operator": "City of Columbia",
        "norec_status": "OSM_ONLY",
        "osm_surveillance_type": "ALPR",
        "camera_type": "fixed",
        "camera_mount": null,
        "raw_tags": {
          "camera:type": "fixed",
          "direction": "55",
          "man_made": "surveillance",
          "manufacturer": "Flock Safety",
          "manufacturer:wikidata": "Q108485435",
          "operator": "City of Columbia",
          "operator:wikidata": "Q59670",
          "surveillance:type": "ALPR"
        }
      }
    },
    {
      "type": "Feature",
      "geometry": {
        "type": "Point",
        "coordinates": [
          -92.4002892,
          38.9157828
        ]
      },
      "properties": {
        "osm_id": "node/13131018435",
        "name": null,
        "operator": "City of Columbia",
        "norec_status": "OSM_ONLY",
        "osm_surveillance_type": "ALPR",
        "camera_type": "fixed",
        "camera_mount": null,
        "raw_tags": {
          "camera:type": "fixed",
          "direction": "240",
          "man_made": "surveillance",
          "manufacturer": "Flock Safety",
          "manufacturer:wikidata": "Q108485435",
          "operator": "City of Columbia",
          "operator:wikidata": "Q59670",
          "surveillance:type": "ALPR"
        }
      }
    },
    {
      "type": "Feature",
      "geometry": {
        "type": "Point",
        "coordinates": [
          -92.3348948,
          38.9103432
        ]
      },
      "properties": {
        "osm_id": "node/13131018901",
        "name": null,
        "operator": "City of Columbia",
        "norec_status": "OSM_ONLY",
        "osm_surveillance_type": "ALPR",
        "camera_type": "fixed",
        "camera_mount": null,
        "raw_tags": {
          "camera:type": "fixed",
          "direction": "235",
          "man_made": "surveillance",
          "manufacturer": "Flock Safety",
          "manufacturer:wikidata": "Q108485435",
          "operator": "City of Columbia",
          "operator:wikidata": "Q59670",
          "surveillance:type": "ALPR"
        }
      }
    },
    {
      "type": "Feature",
      "geometry": {
        "type": "Point",
        "coordinates": [
          -84.6237528,
          39.0461272
        ]
      },
      "properties": {
        "osm_id": "node/13148178344",
        "name": null,
        "operator": null,
        "norec_status": "OSM_ONLY",
        "osm_surveillance_type": "camera",
        "camera_type": null,
        "camera_mount": null,
        "raw_tags": {
          "lamp_mount": "straight_mast",
          "man_made": "surveillance",
          "surveillance:type": "camera"
        }
      }
    },
    {
      "type": "Feature",
      "geometry": {
        "type": "Point",
        "coordinates": [
          -92.4575231,
          38.8859864
        ]
      },
      "properties": {
        "osm_id": "node/13163053913",
        "name": null,
        "operator": null,
        "norec_status": "OSM_ONLY",
        "osm_surveillance_type": "ALPR",
        "camera_type": "fixed",
        "camera_mount": null,
        "raw_tags": {
          "camera:type": "fixed",
          "direction": "245",
          "man_made": "surveillance",
          "manufacturer": "Flock Safety",
          "manufacturer:wikidata": "Q108485435",
          "surveillance:type": "ALPR"
        }
      }
    },
    {
      "type": "Feature",
      "geometry": {
        "type": "Point",
        "coordinates": [
          -92.2660742,
          38.9351501
        ]
      },
      "properties": {
        "osm_id": "node/13168592067",
        "name": null,
        "operator": null,
        "norec_status": "OSM_ONLY",
        "osm_surveillance_type": "ALPR",
        "camera_type": "fixed",
        "camera_mount": null,
        "raw_tags": {
          "camera:type": "fixed",
          "direction": "110",
          "man_made": "surveillance",
          "manufacturer": "Flock Safety",
          "manufacturer:wikidata": "Q108485435",
          "surveillance:type": "ALPR"
        }
      }
    },
    {
      "type": "Feature",
      "geometry": {
        "type": "Point",
        "coordinates": [
          -92.3348983,
          38.9102182
        ]
      },
      "properties": {
        "osm_id": "node/13189788769",
        "name": null,
        "operator": "City of Columbia",
        "norec_status": "OSM_ONLY",
        "osm_surveillance_type": "ALPR",
        "camera_type": "fixed",
        "camera_mount": null,
        "raw_tags": {
          "camera:type": "fixed",
          "direction": "180",
          "man_made": "surveillance",
          "manufacturer": "Flock Safety",
          "manufacturer:wikidata": "Q108485435",
          "operator": "City of Columbia",
          "operator:wikidata": "Q59670",
          "surveillance:type": "ALPR"
        }
      }
    },
    {
      "type": "Feature",
      "geometry": {
        "type": "Point",
        "coordinates": [
          -92.3347346,
          38.9103389
        ]
      },
      "properties": {
        "osm_id": "node/13189788770",
        "name": null,
        "operator": "City of Columbia",
        "norec_status": "OSM_ONLY",
        "osm_surveillance_type": "ALPR",
        "camera_type": "fixed",
        "camera_mount": null,
        "raw_tags": {
          "camera:type": "fixed",
          "direction": "5",
          "highway": "traffic_signals",
          "man_made": "surveillance",
          "manufacturer": "Flock Safety",
          "manufacturer:wikidata": "Q108485435",
          "operator": "City of Columbia",
          "operator:wikidata": "Q59670",
          "surveillance:type": "ALPR",
          "traffic_signals": "signal"
        }
      }
    },
    {
      "type": "Feature",
      "geometry": {
        "type": "Point",
        "coordinates": [
          -86.3425984,
          39.9482998
        ]
      },
      "properties": {
        "osm_id": "node/13259808789",
        "name": null,
        "operator": null,
        "norec_status": "OSM_ONLY",
        "osm_surveillance_type": "ALPR",
        "camera_type": "fixed",
        "camera_mount": null,
        "raw_tags": {
          "camera:type": "fixed",
          "direction": "100",
          "man_made": "surveillance",
          "manufacturer": "Flock Safety",
          "manufacturer:wikidata": "Q108485435",
          "surveillance:type": "ALPR"
        }
      }
    },
    {
      "type": "Feature",
      "geometry": {
        "type": "Point",
        "coordinates": [
          -92.3647,
          38.9570584
        ]
      },
      "properties": {
        "osm_id": "node/13274298201",
        "name": null,
        "operator": "City of Columbia",
        "norec_status": "OSM_ONLY",
        "osm_surveillance_type": "ALPR",
        "camera_type": "fixed",
        "camera_mount": null,
        "raw_tags": {
          "camera:type": "fixed",
          "direction": "348",
          "man_made": "surveillance",
          "manufacturer": "Flock Safety",
          "manufacturer:wikidata": "Q108485435",
          "operator": "City of Columbia",
          "operator:wikidata": "Q59670",
          "surveillance": "public",
          "surveillance:type": "ALPR",
          "surveillance:zone": "traffic"
        }
      }
    },
    {
      "type": "Feature",
      "geometry": {
        "type": "Point",
        "coordinates": [
          -92.3340142,
          38.9517637
        ]
      },
      "properties": {
        "osm_id": "node/13276990902",
        "name": null,
        "operator": "City of Columbia",
        "norec_status": "OSM_ONLY",
        "osm_surveillance_type": "ALPR",
        "camera_type": "fixed",
        "camera_mount": null,
        "raw_tags": {
          "camera:type": "fixed",
          "direction": "219;333",
          "man_made": "surveillance",
          "manufacturer": "Flock Safety",
          "manufacturer:wikidata": "Q108485435",
          "operator": "City of Columbia",
          "operator:wikidata": "Q59670",
          "surveillance": "public",
          "surveillance:type": "ALPR",
          "surveillance:zone": "traffic"
        }
      }
    },
    {
      "type": "Feature",
      "geometry": {
        "type": "Point",
        "coordinates": [
          -92.3342554,
          38.9515237
        ]
      },
      "properties": {
        "osm_id": "node/13277006202",
        "name": null,
        "operator": "City of Columbia",
        "norec_status": "OSM_ONLY",
        "osm_surveillance_type": "ALPR",
        "camera_type": "fixed",
        "camera_mount": null,
        "raw_tags": {
          "camera:type": "fixed",
          "direction": "22;158",
          "man_made": "surveillance",
          "manufacturer": "Flock Safety",
          "manufacturer:wikidata": "Q108485435",
          "operator": "City of Columbia",
          "operator:wikidata": "Q59670",
          "surveillance": "public",
          "surveillance:type": "ALPR",
          "surveillance:zone": "traffic"
        }
      }
    },
    {
      "type": "Feature",
      "geometry": {
        "type": "Point",
        "coordinates": [
          -92.3336836,
          38.9515392
        ]
      },
      "properties": {
        "osm_id": "node/13277006203",
        "name": null,
        "operator": "City of Columbia PD",
        "norec_status": "OSM_ONLY",
        "osm_surveillance_type": "ALPR",
        "camera_type": "fixed",
        "camera_mount": null,
        "raw_tags": {
          "camera:type": "fixed",
          "direction": "75",
          "man_made": "surveillance",
          "manufacturer": "Flock Safety",
          "manufacturer:wikidata": "Q108485435",
          "operator": "City of Columbia PD",
          "operator:wikidata": "Q59670",
          "surveillance": "public",
          "surveillance:type": "ALPR",
          "surveillance:zone": "traffic"
        }
      }
    },
    {
      "type": "Feature",
      "geometry": {
        "type": "Point",
        "coordinates": [
          -92.3308875,
          38.9514502
        ]
      },
      "properties": {
        "osm_id": "node/13277046201",
        "name": null,
        "operator": "City of Columbia PD",
        "norec_status": "OSM_ONLY",
        "osm_surveillance_type": "ALPR",
        "camera_type": "fixed",
        "camera_mount": null,
        "raw_tags": {
          "camera:type": "fixed",
          "direction": "38",
          "man_made": "surveillance",
          "manufacturer": "Flock Safety",
          "manufacturer:wikidata": "Q108485435",
          "operator": "City of Columbia PD",
          "operator:wikidata": "Q59670",
          "surveillance": "public",
          "surveillance:type": "ALPR",
          "surveillance:zone": "traffic"
        }
      }
    },
    {
      "type": "Feature",
      "geometry": {
        "type": "Point",
        "coordinates": [
          -92.3285457,
          38.9514534
        ]
      },
      "properties": {
        "osm_id": "node/13277052401",
        "name": null,
        "operator": "City of Columbia PD",
        "norec_status": "OSM_ONLY",
        "osm_surveillance_type": "ALPR",
        "camera_type": "fixed",
        "camera_mount": null,
        "raw_tags": {
          "camera:type": "fixed",
          "direction": "320",
          "man_made": "surveillance",
          "manufacturer": "Flock Safety",
          "manufacturer:wikidata": "Q108485435",
          "operator": "City of Columbia PD",
          "operator:wikidata": "Q59670",
          "surveillance": "public",
          "surveillance:type": "ALPR",
          "surveillance:zone": "traffic"
        }
      }
    },
    {
      "type": "Feature",
      "geometry": {
        "type": "Point",
        "coordinates": [
          -92.3275336,
          38.9485801
        ]
      },
      "properties": {
        "osm_id": "node/13277054401",
        "name": null,
        "operator": "City of Columbia PD",
        "norec_status": "OSM_ONLY",
        "osm_surveillance_type": "ALPR",
        "camera_type": "fixed",
        "camera_mount": null,
        "raw_tags": {
          "camera:type": "fixed",
          "direction": "230",
          "man_made": "surveillance",
          "manufacturer": "Flock Safety",
          "manufacturer:wikidata": "Q108485435",
          "operator": "City of Columbia PD",
          "operator:wikidata": "Q59670",
          "surveillance": "public",
          "surveillance:type": "ALPR",
          "surveillance:zone": "traffic"
        }
      }
    },
    {
      "type": "Feature",
      "geometry": {
        "type": "Point",
        "coordinates": [
          -92.3367881,
          38.9517184
        ]
      },
      "properties": {
        "osm_id": "node/13282572801",
        "name": null,
        "operator": "City of Columbia PD",
        "norec_status": "OSM_ONLY",
        "osm_surveillance_type": "ALPR",
        "camera_type": "fixed",
        "camera_mount": null,
        "raw_tags": {
          "camera:type": "fixed",
          "direction": "265",
          "man_made": "surveillance",
          "manufacturer": "Flock Safety",
          "manufacturer:wikidata": "Q108485435",
          "operator": "City of Columbia PD",
          "operator:wikidata": "Q59670",
          "surveillance": "public",
          "surveillance:type": "ALPR",
          "surveillance:zone": "traffic"
        }
      }
    },
    {
      "type": "Feature",
      "geometry": {
        "type": "Point",
        "coordinates": [
          -92.3103592,
          38.9491728
        ]
      },
      "properties": {
        "osm_id": "node/13295573301",
        "name": null,
        "operator": null,
        "norec_status": "OSM_ONLY",
        "osm_surveillance_type": "ALPR",
        "camera_type": "fixed",
        "camera_mount": null,
        "raw_tags": {
          "camera:type": "fixed",
          "direction": "332;126;85;292",
          "man_made": "surveillance",
          "manufacturer": "Flock Safety",
          "manufacturer:wikidata": "Q108485435",
          "surveillance": "public",
          "surveillance:type": "ALPR",
          "surveillance:zone": "traffic"
        }
      }
    },
    {
      "type": "Feature",
      "geometry": {
        "type": "Point",
        "coordinates": [
          -92.2938009,
          38.9535179
        ]
      },
      "properties": {
        "osm_id": "node/13295576101",
        "name": null,
        "operator": "City of Columbia",
        "norec_status": "OSM_ONLY",
        "osm_surveillance_type": "ALPR",
        "camera_type": "fixed",
        "camera_mount": null,
        "raw_tags": {
          "camera:type": "fixed",
          "direction": "267",
          "man_made": "surveillance",
          "manufacturer": "Flock Safety",
          "manufacturer:wikidata": "Q108485435",
          "operator": "City of Columbia",
          "operator:wikidata": "Q59670",
          "surveillance": "public",
          "surveillance:type": "ALPR",
          "surveillance:zone": "traffic"
        }
      }
    },
    {
      "type": "Feature",
      "geometry": {
        "type": "Point",
        "coordinates": [
          -92.2947058,
          38.9538236
        ]
      },
      "properties": {
        "osm_id": "node/13295579001",
        "name": null,
        "operator": "City of Columbia",
        "norec_status": "OSM_ONLY",
        "osm_surveillance_type": "ALPR",
        "camera_type": "fixed",
        "camera_mount": null,
        "raw_tags": {
          "camera:type": "fixed",
          "direction": "175",
          "man_made": "surveillance",
          "manufacturer": "Flock Safety",
          "manufacturer:wikidata": "Q108485435",
          "operator": "City of Columbia",
          "operator:wikidata": "Q59670",
          "surveillance": "public",
          "surveillance:type": "ALPR",
          "surveillance:zone": "traffic"
        }
      }
    },
    {
      "type": "Feature",
      "geometry": {
        "type": "Point",
        "coordinates": [
          -92.2947559,
          38.9523433
        ]
      },
      "properties": {
        "osm_id": "node/13295579002",
        "name": null,
        "operator": "City of Columbia",
        "norec_status": "OSM_ONLY",
        "osm_surveillance_type": "ALPR",
        "camera_type": "fixed",
        "camera_mount": null,
        "raw_tags": {
          "camera:type": "fixed",
          "direction": "11",
          "man_made": "surveillance",
          "manufacturer": "Flock Safety",
          "manufacturer:wikidata": "Q108485435",
          "operator": "City of Columbia",
          "operator:wikidata": "Q59670",
          "surveillance": "public",
          "surveillance:type": "ALPR",
          "surveillance:zone": "traffic"
        }
      }
    },
    {
      "type": "Feature",
      "geometry": {
        "type": "Point",
        "coordinates": [
          -88.8906164,
          42.2399203
        ]
      },
      "properties": {
        "osm_id": "node/13308629301",
        "name": null,
        "operator": null,
        "norec_status": "OSM_ONLY",
        "osm_surveillance_type": "ALPR",
        "camera_type": "fixed",
        "camera_mount": null,
        "raw_tags": {
          "camera:type": "fixed",
          "direction": "61",
          "man_made": "surveillance",
          "manufacturer": "Flock Safety",
          "manufacturer:wikidata": "Q108485435",
          "surveillance": "public",
          "surveillance:type": "ALPR",
          "surveillance:zone": "traffic"
        }
      }
    },
    {
      "type": "Feature",
      "geometry": {
        "type": "Point",
        "coordinates": [
          -93.2188733,
          36.4651514
        ]
      },
      "properties": {
        "osm_id": "node/13309325702",
        "name": null,
        "operator": null,
        "norec_status": "OSM_ONLY",
        "osm_surveillance_type": "ALPR",
        "camera_type": "fixed",
        "camera_mount": null,
        "raw_tags": {
          "camera:type": "fixed",
          "direction": "345",
          "man_made": "surveillance",
          "manufacturer": "Flock Safety",
          "manufacturer:wikidata": "Q108485435",
          "surveillance": "public",
          "surveillance:type": "ALPR",
          "surveillance:zone": "traffic"
        }
      }
    },
    {
      "type": "Feature",
      "geometry": {
        "type": "Point",
        "coordinates": [
          -93.2195375,
          36.4651951
        ]
      },
      "properties": {
        "osm_id": "node/13309333702",
        "name": null,
        "operator": null,
        "norec_status": "OSM_ONLY",
        "osm_surveillance_type": "ALPR",
        "camera_type": "fixed",
        "camera_mount": null,
        "raw_tags": {
          "camera:type": "fixed",
          "direction": "166",
          "man_made": "surveillance",
          "manufacturer": "Flock Safety",
          "manufacturer:wikidata": "Q108485435",
          "surveillance": "public",
          "surveillance:type": "ALPR",
          "surveillance:zone": "traffic"
        }
      }
    },
    {
      "type": "Feature",
      "geometry": {
        "type": "Point",
        "coordinates": [
          -93.1841374,
          36.290591
        ]
      },
      "properties": {
        "osm_id": "node/13309421301",
        "name": null,
        "operator": null,
        "norec_status": "OSM_ONLY",
        "osm_surveillance_type": "ALPR",
        "camera_type": "fixed",
        "camera_mount": null,
        "raw_tags": {
          "camera:type": "fixed",
          "direction": "269",
          "man_made": "surveillance",
          "manufacturer": "Flock Safety",
          "manufacturer:wikidata": "Q108485435",
          "surveillance": "public",
          "surveillance:type": "ALPR",
          "surveillance:zone": "traffic"
        }
      }
    },
    {
      "type": "Feature",
      "geometry": {
        "type": "Point",
        "coordinates": [
          -92.2644498,
          38.9731294
        ]
      },
      "properties": {
        "osm_id": "node/13339012101",
        "name": null,
        "operator": null,
        "norec_status": "OSM_ONLY",
        "osm_surveillance_type": "ALPR",
        "camera_type": "fixed",
        "camera_mount": null,
        "raw_tags": {
          "camera:type": "fixed",
          "direction": "284-329",
          "man_made": "surveillance",
          "manufacturer": "Flock Safety",
          "manufacturer:wikidata": "Q108485435",
          "surveillance": "public",
          "surveillance:type": "ALPR",
          "surveillance:zone": "traffic"
        }
      }
    },
    {
      "type": "Feature",
      "geometry": {
        "type": "Point",
        "coordinates": [
          -92.2645367,
          38.9730998
        ]
      },
      "properties": {
        "osm_id": "node/13339014001",
        "name": null,
        "operator": null,
        "norec_status": "OSM_ONLY",
        "osm_surveillance_type": "ALPR",
        "camera_type": "fixed",
        "camera_mount": null,
        "raw_tags": {
          "camera:type": "fixed",
          "direction": "8-53",
          "man_made": "surveillance",
          "manufacturer": "Flock Safety",
          "manufacturer:wikidata": "Q108485435",
          "surveillance": "public",
          "surveillance:type": "ALPR",
          "surveillance:zone": "traffic"
        }
      }
    },
    {
      "type": "Feature",
      "geometry": {
        "type": "Point",
        "coordinates": [
          -92.3214835,
          38.9563235
        ]
      },
      "properties": {
        "osm_id": "node/13349342101",
        "name": null,
        "operator": null,
        "norec_status": "OSM_ONLY",
        "osm_surveillance_type": "ALPR",
        "camera_type": "fixed",
        "camera_mount": null,
        "raw_tags": {
          "camera:type": "fixed",
          "direction": "22;278",
          "man_made": "surveillance",
          "manufacturer": "Flock Safety",
          "manufacturer:wikidata": "Q108485435",
          "surveillance": "public",
          "surveillance:type": "ALPR",
          "surveillance:zone": "traffic"
        }
      }
    },
    {
      "type": "Feature",
      "geometry": {
        "type": "Point",
        "coordinates": [
          -92.3215178,
          38.9564043
        ]
      },
      "properties": {
        "osm_id": "node/13349343101",
        "name": null,
        "operator": null,
        "norec_status": "OSM_ONLY",
        "osm_surveillance_type": "ALPR",
        "camera_type": "fixed",
        "camera_mount": null,
        "raw_tags": {
          "camera:type": "fixed",
          "direction": "332",
          "man_made": "surveillance",
          "manufacturer": "Flock Safety",
          "manufacturer:wikidata": "Q108485435",
          "surveillance": "public",
          "surveillance:type": "ALPR",
          "surveillance:zone": "traffic"
        }
      }
    },
    {
      "type": "Feature",
      "geometry": {
        "type": "Point",
        "coordinates": [
          -92.3216167,
          38.9562671
        ]
      },
      "properties": {
        "osm_id": "node/13349343901",
        "name": null,
        "operator": null,
        "norec_status": "OSM_ONLY",
        "osm_surveillance_type": "ALPR",
        "camera_type": "fixed",
        "camera_mount": null,
        "raw_tags": {
          "camera:type": "fixed",
          "direction": "160",
          "man_made": "surveillance",
          "manufacturer": "Flock Safety",
          "manufacturer:wikidata": "Q108485435",
          "surveillance": "public",
          "surveillance:type": "ALPR",
          "surveillance:zone": "traffic"
        }
      }
    },
    {
      "type": "Feature",
      "geometry": {
        "type": "Point",
        "coordinates": [
          -92.2958002,
          38.9521966
        ]
      },
      "properties": {
        "osm_id": "node/13360211702",
        "name": null,
        "operator": null,
        "norec_status": "OSM_ONLY",
        "osm_surveillance_type": "ALPR",
        "camera_type": "fixed",
        "camera_mount": null,
        "raw_tags": {
          "camera:type": "fixed",
          "direction": "333",
          "man_made": "surveillance",
          "manufacturer": "Flock Safety",
          "manufacturer:wikidata": "Q108485435",
          "surveillance": "public",
          "surveillance:type": "ALPR",
          "surveillance:zone": "traffic"
        }
      }
    },
    {
      "type": "Feature",
      "geometry": {
        "type": "Point",
        "coordinates": [
          -92.2959432,
          38.9538839
        ]
      },
      "properties": {
        "osm_id": "node/13360215701",
        "name": null,
        "operator": "City of Columbia",
        "norec_status": "OSM_ONLY",
        "osm_surveillance_type": "ALPR",
        "camera_type": "fixed",
        "camera_mount": null,
        "raw_tags": {
          "camera:type": "fixed",
          "direction": "198",
          "man_made": "surveillance",
          "manufacturer": "Flock Safety",
          "manufacturer:wikidata": "Q108485435",
          "operator": "City of Columbia",
          "operator:wikidata": "Q59670",
          "surveillance": "public",
          "surveillance:type": "ALPR",
          "surveillance:zone": "traffic"
        }
      }
    },
    {
      "type": "Feature",
      "geometry": {
        "type": "Point",
        "coordinates": [
          -86.2789424,
          39.9487126
        ]
      },
      "properties": {
        "osm_id": "node/13373029659",
        "name": null,
        "operator": null,
        "norec_status": "OSM_ONLY",
        "osm_surveillance_type": "ALPR",
        "camera_type": "fixed",
        "camera_mount": null,
        "raw_tags": {
          "camera:type": "fixed",
          "direction": "170",
          "man_made": "surveillance",
          "manufacturer": "Flock Safety",
          "manufacturer:wikidata": "Q108485435",
          "surveillance:type": "ALPR"
        }
      }
    },
    {
      "type": "Feature",
      "geometry": {
        "type": "Point",
        "coordinates": [
          -88.9348178,
          42.2754117
        ]
      },
      "properties": {
        "osm_id": "node/13409840703",
        "name": null,
        "operator": null,
        "norec_status": "OSM_ONLY",
        "osm_surveillance_type": "camera",
        "camera_type": "fixed",
        "camera_mount": null,
        "raw_tags": {
          "camera:type": "fixed",
          "direction": "162",
          "man_made": "surveillance",
          "surveillance": "public",
          "surveillance:type": "camera",
          "surveillance:zone": "traffic"
        }
      }
    },
    {
      "type": "Feature",
      "geometry": {
        "type": "Point",
        "coordinates": [
          -88.9340004,
          42.2753123
        ]
      },
      "properties": {
        "osm_id": "node/13409841203",
        "name": null,
        "operator": null,
        "norec_status": "OSM_ONLY",
        "osm_surveillance_type": "camera",
        "camera_type": "fixed",
        "camera_mount": null,
        "raw_tags": {
          "camera:type": "fixed",
          "direction": "251",
          "man_made": "surveillance",
          "surveillance": "public",
          "surveillance:type": "camera",
          "surveillance:zone": "traffic"
        }
      }
    },
    {
      "type": "Feature",
      "geometry": {
        "type": "Point",
        "coordinates": [
          -88.9350773,
          42.2749896
        ]
      },
      "properties": {
        "osm_id": "node/13409841204",
        "name": null,
        "operator": null,
        "norec_status": "OSM_ONLY",
        "osm_surveillance_type": "camera",
        "camera_type": "fixed",
        "camera_mount": null,
        "raw_tags": {
          "camera:type": "fixed",
          "direction": "56",
          "man_made": "surveillance",
          "surveillance": "public",
          "surveillance:type": "camera",
          "surveillance:zone": "traffic"
        }
      }
    },
    {
      "type": "Feature",
      "geometry": {
        "type": "Point",
        "coordinates": [
          -88.9340904,
          42.2747875
        ]
      },
      "properties": {
        "osm_id": "node/13409841205",
        "name": null,
        "operator": null,
        "norec_status": "OSM_ONLY",
        "osm_surveillance_type": "camera",
        "camera_type": "fixed",
        "camera_mount": null,
        "raw_tags": {
          "camera:type": "fixed",
          "direction": "309",
          "man_made": "surveillance",
          "surveillance": "public",
          "surveillance:type": "camera",
          "surveillance:zone": "traffic"
        }
      }
    },
    {
      "type": "Feature",
      "geometry": {
        "type": "Point",
        "coordinates": [
          -88.8208594,
          42.2380564
        ]
      },
      "properties": {
        "osm_id": "node/13414732601",
        "name": null,
        "operator": null,
        "norec_status": "OSM_ONLY",
        "osm_surveillance_type": "camera",
        "camera_type": "fixed",
        "camera_mount": null,
        "raw_tags": {
          "camera:type": "fixed",
          "direction": "348",
          "man_made": "surveillance",
          "surveillance": "public",
          "surveillance:type": "camera",
          "surveillance:zone": "traffic"
        }
      }
    },
    {
      "type": "Feature",
      "geometry": {
        "type": "Point",
        "coordinates": [
          -88.8210035,
          42.2381991
        ]
      },
      "properties": {
        "osm_id": "node/13414732801",
        "name": null,
        "operator": null,
        "norec_status": "OSM_ONLY",
        "osm_surveillance_type": "camera",
        "camera_type": "fixed",
        "camera_mount": null,
        "raw_tags": {
          "camera:type": "fixed",
          "direction": "67",
          "man_made": "surveillance",
          "surveillance": "public",
          "surveillance:type": "camera",
          "surveillance:zone": "traffic"
        }
      }
    },
    {
      "type": "Feature",
      "geometry": {
        "type": "Point",
        "coordinates": [
          -88.7085815,
          42.3134319
        ]
      },
      "properties": {
        "osm_id": "node/13416857361",
        "name": null,
        "operator": null,
        "norec_status": "OSM_ONLY",
        "osm_surveillance_type": "ALPR",
        "camera_type": "fixed",
        "camera_mount": null,
        "raw_tags": {
          "camera:type": "fixed",
          "direction": "250",
          "man_made": "surveillance",
          "manufacturer": "Flock Safety",
          "manufacturer:wikidata": "Q108485435",
          "surveillance": "public",
          "surveillance:type": "ALPR",
          "surveillance:zone": "traffic"
        }
      }
    },
    {
      "type": "Feature",
      "geometry": {
        "type": "Point",
        "coordinates": [
          -88.8890934,
          42.3272814
        ]
      },
      "properties": {
        "osm_id": "node/13424478501",
        "name": null,
        "operator": null,
        "norec_status": "OSM_ONLY",
        "osm_surveillance_type": "ALPR",
        "camera_type": "fixed",
        "camera_mount": null,
        "raw_tags": {
          "camera:type": "fixed",
          "direction": "245",
          "man_made": "surveillance",
          "manufacturer": "Flock Safety",
          "manufacturer:wikidata": "Q108485435",
          "surveillance": "public",
          "surveillance:type": "ALPR",
          "surveillance:zone": "traffic"
        }
      }
    },
    {
      "type": "Feature",
      "geometry": {
        "type": "Point",
        "coordinates": [
          -86.3034227,
          39.9724732
        ]
      },
      "properties": {
        "osm_id": "node/13433595701",
        "name": null,
        "operator": null,
        "norec_status": "OSM_ONLY",
        "osm_surveillance_type": "ALPR",
        "camera_type": "fixed",
        "camera_mount": "pole",
        "raw_tags": {
          "camera:mount": "pole",
          "camera:type": "fixed",
          "direction": "234",
          "man_made": "surveillance",
          "manufacturer": "Flock Safety",
          "manufacturer:wikidata": "Q108485435",
          "surveillance": "public",
          "surveillance:type": "ALPR",
          "surveillance:zone": "traffic"
        }
      }
    },
    {
      "type": "Feature",
      "geometry": {
        "type": "Point",
        "coordinates": [
          -93.2839748,
          36.2916473
        ]
      },
      "properties": {
        "osm_id": "node/13443024468",
        "name": null,
        "operator": null,
        "norec_status": "OSM_ONLY",
        "osm_surveillance_type": "ALPR",
        "camera_type": "fixed",
        "camera_mount": null,
        "raw_tags": {
          "camera:type": "fixed",
          "direction": "55",
          "man_made": "surveillance",
          "manufacturer": "Flock Safety",
          "manufacturer:wikidata": "Q108485435",
          "surveillance:type": "ALPR"
        }
      }
    },
    {
      "type": "Feature",
      "geometry": {
        "type": "Point",
        "coordinates": [
          -92.2905812,
          38.9808444
        ]
      },
      "properties": {
        "osm_id": "node/13447111601",
        "name": null,
        "operator": null,
        "norec_status": "OSM_ONLY",
        "osm_surveillance_type": "ALPR",
        "camera_type": "fixed",
        "camera_mount": null,
        "raw_tags": {
          "camera:type": "fixed",
          "direction": "75",
          "man_made": "surveillance",
          "manufacturer": "Flock Safety",
          "manufacturer:wikidata": "Q108485435",
          "surveillance": "public",
          "surveillance:type": "ALPR",
          "surveillance:zone": "traffic"
        }
      }
    },
    {
      "type": "Feature",
      "geometry": {
        "type": "Point",
        "coordinates": [
          -88.8204007,
          42.2377989
        ]
      },
      "properties": {
        "osm_id": "node/13471676902",
        "name": null,
        "operator": null,
        "norec_status": "OSM_ONLY",
        "osm_surveillance_type": "ALPR",
        "camera_type": "fixed",
        "camera_mount": null,
        "raw_tags": {
          "agency": "Boone County Sheriff's Office",
          "camera:type": "fixed",
          "direction": "309",
          "man_made": "surveillance",
          "manufacturer": "Flock Safety",
          "manufacturer:wikidata": "Q108485435",
          "surveillance": "public",
          "surveillance:type": "ALPR",
          "surveillance:zone": "traffic"
        }
      }
    },
    {
      "type": "Feature",
      "geometry": {
        "type": "Point",
        "coordinates": [
          -88.8606449,
          42.2419928
        ]
      },
      "properties": {
        "osm_id": "node/13471726801",
        "name": null,
        "operator": null,
        "norec_status": "OSM_ONLY",
        "osm_surveillance_type": "ALPR",
        "camera_type": "fixed",
        "camera_mount": null,
        "raw_tags": {
          "camera:type": "fixed",
          "direction": "117;295",
          "man_made": "surveillance",
          "manufacturer": "Motorola Solutions",
          "manufacturer:wikidata": "Q634815",
          "surveillance": "public",
          "surveillance:type": "ALPR",
          "surveillance:zone": "traffic"
        }
      }
    },
    {
      "type": "Feature",
      "geometry": {
        "type": "Point",
        "coordinates": [
          -88.8606256,
          42.2387111
        ]
      },
      "properties": {
        "osm_id": "node/13471759701",
        "name": null,
        "operator": null,
        "norec_status": "OSM_ONLY",
        "osm_surveillance_type": "ALPR",
        "camera_type": "fixed",
        "camera_mount": null,
        "raw_tags": {
          "camera:type": "fixed",
          "direction": "113;295",
          "man_made": "surveillance",
          "manufacturer": "Motorola Solutions",
          "manufacturer:wikidata": "Q634815",
          "surveillance": "public",
          "surveillance:type": "ALPR",
          "surveillance:zone": "traffic"
        }
      }
    },
    {
      "type": "Feature",
      "geometry": {
        "type": "Point",
        "coordinates": [
          -88.8175955,
          42.2514734
        ]
      },
      "properties": {
        "osm_id": "node/13472173501",
        "name": null,
        "operator": null,
        "norec_status": "OSM_ONLY",
        "osm_surveillance_type": "ALPR",
        "camera_type": "fixed",
        "camera_mount": null,
        "raw_tags": {
          "camera:type": "fixed",
          "direction": "74",
          "man_made": "surveillance",
          "manufacturer": "Flock Safety",
          "manufacturer:wikidata": "Q108485435",
          "surveillance": "public",
          "surveillance:type": "ALPR",
          "surveillance:zone": "traffic"
        }
      }
    },
    {
      "type": "Feature",
      "geometry": {
        "type": "Point",
        "coordinates": [
          -88.8156261,
          42.2399103
        ]
      },
      "properties": {
        "osm_id": "node/13472200001",
        "name": null,
        "operator": null,
        "norec_status": "OSM_ONLY",
        "osm_surveillance_type": "ALPR",
        "camera_type": "fixed",
        "camera_mount": null,
        "raw_tags": {
          "camera:type": "fixed",
          "direction": "73",
          "man_made": "surveillance",
          "manufacturer": "Flock Safety",
          "manufacturer:wikidata": "Q108485435",
          "surveillance": "public",
          "surveillance:type": "ALPR",
          "surveillance:zone": "traffic"
        }
      }
    },
    {
      "type": "Feature",
      "geometry": {
        "type": "Point",
        "coordinates": [
          -86.3426545,
          39.9477781
        ]
      },
      "properties": {
        "osm_id": "node/13479577886",
        "name": null,
        "operator": null,
        "norec_status": "OSM_ONLY",
        "osm_surveillance_type": "ALPR",
        "camera_type": "fixed",
        "camera_mount": null,
        "raw_tags": {
          "camera:type": "fixed",
          "direction": "100",
          "man_made": "surveillance",
          "manufacturer": "Flock Safety",
          "manufacturer:wikidata": "Q108485435",
          "surveillance:type": "ALPR"
        }
      }
    },
    {
      "type": "Feature",
      "geometry": {
        "type": "Point",
        "coordinates": [
          -86.3406843,
          39.9490942
        ]
      },
      "properties": {
        "osm_id": "node/13479577887",
        "name": null,
        "operator": null,
        "norec_status": "OSM_ONLY",
        "osm_surveillance_type": "ALPR",
        "camera_type": "fixed",
        "camera_mount": null,
        "raw_tags": {
          "camera:type": "fixed",
          "direction": "160",
          "man_made": "surveillance",
          "manufacturer": "Flock Safety",
          "manufacturer:wikidata": "Q108485435",
          "surveillance:type": "ALPR"
        }
      }
    },
    {
      "type": "Feature",
      "geometry": {
        "type": "Point",
        "coordinates": [
          -88.730541,
          42.2142727
        ]
      },
      "properties": {
        "osm_id": "node/13484984103",
        "name": null,
        "operator": null,
        "norec_status": "OSM_ONLY",
        "osm_surveillance_type": "camera",
        "camera_type": "fixed",
        "camera_mount": null,
        "raw_tags": {
          "camera:type": "fixed",
          "direction": "152;227;298",
          "man_made": "surveillance",
          "surveillance": "public",
          "surveillance:type": "camera",
          "surveillance:zone": "traffic"
        }
      }
    },
    {
      "type": "Feature",
      "geometry": {
        "type": "Point",
        "coordinates": [
          -88.9102803,
          42.2348828
        ]
      },
      "properties": {
        "osm_id": "node/13484989001",
        "name": null,
        "operator": null,
        "norec_status": "OSM_ONLY",
        "osm_surveillance_type": "ALPR",
        "camera_type": "fixed",
        "camera_mount": null,
        "raw_tags": {
          "camera:type": "fixed",
          "direction": "180-180",
          "man_made": "surveillance",
          "manufacturer": "Flock Safety",
          "surveillance": "public",
          "surveillance:type": "ALPR",
          "surveillance:zone": "traffic"
        }
      }
    },
    {
      "type": "Feature",
      "geometry": {
        "type": "Point",
        "coordinates": [
          -88.8974226,
          42.2333873
        ]
      },
      "properties": {
        "osm_id": "node/13484989401",
        "name": null,
        "operator": null,
        "norec_status": "OSM_ONLY",
        "osm_surveillance_type": "camera",
        "camera_type": "fixed",
        "camera_mount": null,
        "raw_tags": {
          "camera:type": "fixed",
          "direction": "107;177;250",
          "man_made": "surveillance",
          "surveillance": "public",
          "surveillance:type": "camera",
          "surveillance:zone": "traffic"
        }
      }
    },
    {
      "type": "Feature",
      "geometry": {
        "type": "Point",
        "coordinates": [
          -88.8531439,
          42.2335166
        ]
      },
      "properties": {
        "osm_id": "node/13484989402",
        "name": null,
        "operator": null,
        "norec_status": "OSM_ONLY",
        "osm_surveillance_type": "camera",
        "camera_type": "fixed",
        "camera_mount": null,
        "raw_tags": {
          "camera:type": "fixed",
          "direction": "261",
          "man_made": "surveillance",
          "surveillance": "public",
          "surveillance:type": "camera",
          "surveillance:zone": "traffic"
        }
      }
    },
    {
      "type": "Feature",
      "geometry": {
        "type": "Point",
        "coordinates": [
          -88.8397152,
          42.2339834
        ]
      },
      "properties": {
        "osm_id": "node/13484992701",
        "name": null,
        "operator": null,
        "norec_status": "OSM_ONLY",
        "osm_surveillance_type": "camera",
        "camera_type": "fixed",
        "camera_mount": null,
        "raw_tags": {
          "camera:type": "fixed",
          "direction": "129;179;243",
          "man_made": "surveillance",
          "surveillance": "public",
          "surveillance:type": "camera",
          "surveillance:zone": "traffic"
        }
      }
    },
    {
      "type": "Feature",
      "geometry": {
        "type": "Point",
        "coordinates": [
          -88.8013781,
          42.2341054
        ]
      },
      "properties": {
        "osm_id": "node/13484993901",
        "name": null,
        "operator": null,
        "norec_status": "OSM_ONLY",
        "osm_surveillance_type": "camera",
        "camera_type": "fixed",
        "camera_mount": null,
        "raw_tags": {
          "camera:type": "fixed",
          "direction": "108;187;256",
          "man_made": "surveillance",
          "surveillance": "public",
          "surveillance:type": "camera",
          "surveillance:zone": "traffic"
        }
      }
    },
    {
      "type": "Feature",
      "geometry": {
        "type": "Point",
        "coordinates": [
          -88.7586431,
          42.2233354
        ]
      },
      "properties": {
        "osm_id": "node/13484994801",
        "name": null,
        "operator": null,
        "norec_status": "OSM_ONLY",
        "osm_surveillance_type": "camera",
        "camera_type": "fixed",
        "camera_mount": null,
        "raw_tags": {
          "camera:type": "fixed",
          "direction": "148;221;304",
          "man_made": "surveillance",
          "surveillance": "public",
          "surveillance:type": "camera",
          "surveillance:zone": "traffic"
        }
      }
    },
    {
      "type": "Feature",
      "geometry": {
        "type": "Point",
        "coordinates": [
          -88.7500414,
          42.2200272
        ]
      },
      "properties": {
        "osm_id": "node/13484995101",
        "name": null,
        "operator": null,
        "norec_status": "OSM_ONLY",
        "osm_surveillance_type": "camera",
        "camera_type": "fixed",
        "camera_mount": null,
        "raw_tags": {
          "camera:type": "fixed",
          "direction": "148;222;290",
          "man_made": "surveillance",
          "surveillance": "public",
          "surveillance:type": "camera",
          "surveillance:zone": "traffic"
        }
      }
    },
    {
      "type": "Feature",
      "geometry": {
        "type": "Point",
        "coordinates": [
          -88.711276,
          42.2086255
        ]
      },
      "properties": {
        "osm_id": "node/13484996301",
        "name": null,
        "operator": null,
        "norec_status": "OSM_ONLY",
        "osm_surveillance_type": "camera",
        "camera_type": "fixed",
        "camera_mount": null,
        "raw_tags": {
          "camera:type": "fixed",
          "direction": "144;210;277",
          "man_made": "surveillance",
          "surveillance": "public",
          "surveillance:type": "camera",
          "surveillance:zone": "traffic"
        }
      }
    },
    {
      "type": "Feature",
      "geometry": {
        "type": "Point",
        "coordinates": [
          -88.7680312,
          42.4300918
        ]
      },
      "properties": {
        "osm_id": "node/13520216301",
        "name": null,
        "operator": null,
        "norec_status": "OSM_ONLY",
        "osm_surveillance_type": "gunshot_detector",
        "camera_type": null,
        "camera_mount": null,
        "raw_tags": {
          "brand": "Flock Safety",
          "brand:wikidata": "Q108485435",
          "man_made": "surveillance",
          "surveillance": "public",
          "surveillance:type": "gunshot_detector"
        }
      }
    },
    {
      "type": "Feature",
      "geometry": {
        "type": "Point",
        "coordinates": [
          -86.3534319,
          39.9461307
        ]
      },
      "properties": {
        "osm_id": "node/13529734301",
        "name": null,
        "operator": null,
        "norec_status": "OSM_ONLY",
        "osm_surveillance_type": "ALPR",
        "camera_type": "fixed",
        "camera_mount": null,
        "raw_tags": {
          "camera:type": "fixed",
          "direction": "110",
          "man_made": "surveillance",
          "manufacturer": "Flock Safety",
          "manufacturer:wikidata": "Q108485435",
          "surveillance": "public",
          "surveillance:type": "ALPR",
          "surveillance:zone": "traffic"
        }
      }
    },
    {
      "type": "Feature",
      "geometry": {
        "type": "Point",
        "coordinates": [
          -88.9197941,
          42.2518507
        ]
      },
      "properties": {
        "osm_id": "node/13534713801",
        "name": null,
        "operator": null,
        "norec_status": "OSM_ONLY",
        "osm_surveillance_type": "ALPR",
        "camera_type": "fixed",
        "camera_mount": "pole",
        "raw_tags": {
          "camera:mount": "pole",
          "camera:type": "fixed",
          "direction": "67",
          "man_made": "surveillance",
          "manufacturer": "Flock Safety",
          "manufacturer:wikidata": "Q108485435",
          "surveillance": "public",
          "surveillance:type": "ALPR",
          "surveillance:zone": "traffic"
        }
      }
    },
    {
      "type": "Feature",
      "geometry": {
        "type": "Point",
        "coordinates": [
          -88.9259188,
          42.2530059
        ]
      },
      "properties": {
        "osm_id": "node/13534716001",
        "name": null,
        "operator": null,
        "norec_status": "OSM_ONLY",
        "osm_surveillance_type": "ALPR",
        "camera_type": "fixed",
        "camera_mount": "pole",
        "raw_tags": {
          "camera:mount": "pole",
          "camera:type": "fixed",
          "direction": "82",
          "man_made": "surveillance",
          "manufacturer": "Flock Safety",
          "manufacturer:wikidata": "Q108485435",
          "surveillance": "public",
          "surveillance:type": "ALPR",
          "surveillance:zone": "traffic"
        }
      }
    },
    {
      "type": "Feature",
      "geometry": {
        "type": "Point",
        "coordinates": [
          -88.8208986,
          42.2379687
        ]
      },
      "properties": {
        "osm_id": "node/13568386001",
        "name": null,
        "operator": null,
        "norec_status": "OSM_ONLY",
        "osm_surveillance_type": "ALPR",
        "camera_type": "fixed",
        "camera_mount": "pole",
        "raw_tags": {
          "agency": "unknown",
          "camera:mount": "pole",
          "camera:type": "fixed",
          "direction": "115",
          "man_made": "surveillance",
          "manufacturer": "Flock Safety",
          "manufacturer:wikidata": "Q108485435",
          "surveillance": "public",
          "surveillance:type": "ALPR",
          "surveillance:zone": "traffic"
        }
      }
    },
    {
      "type": "Feature",
      "geometry": {
        "type": "Point",
        "coordinates": [
          -92.3810694,
          38.9845683
        ]
      },
      "properties": {
        "osm_id": "node/13568510401",
        "name": null,
        "operator": null,
        "norec_status": "OSM_ONLY",
        "osm_surveillance_type": "ALPR",
        "camera_type": "fixed",
        "camera_mount": null,
        "raw_tags": {
          "camera:type": "fixed",
          "direction": "295",
          "man_made": "surveillance",
          "manufacturer": "Flock Safety",
          "manufacturer:wikidata": "Q108485435",
          "surveillance": "public",
          "surveillance:type": "ALPR",
          "surveillance:zone": "traffic"
        }
      }
    },
    {
      "type": "Feature",
      "geometry": {
        "type": "Point",
        "coordinates": [
          -92.3800825,
          38.9836893
        ]
      },
      "properties": {
        "osm_id": "node/13568511101",
        "name": null,
        "operator": null,
        "norec_status": "OSM_ONLY",
        "osm_surveillance_type": "ALPR",
        "camera_type": "fixed",
        "camera_mount": null,
        "raw_tags": {
          "camera:type": "fixed",
          "direction": "103",
          "man_made": "surveillance",
          "manufacturer": "Flock Safety",
          "manufacturer:wikidata": "Q108485435",
          "surveillance": "public",
          "surveillance:type": "ALPR",
          "surveillance:zone": "traffic"
        }
      }
    },
    {
      "type": "Feature",
      "geometry": {
        "type": "Point",
        "coordinates": [
          -92.324629,
          38.9932229
        ]
      },
      "properties": {
        "osm_id": "node/13571246901",
        "name": null,
        "operator": null,
        "norec_status": "OSM_ONLY",
        "osm_surveillance_type": "ALPR",
        "camera_type": "fixed",
        "camera_mount": null,
        "raw_tags": {
          "camera:type": "fixed",
          "direction": "220-265",
          "man_made": "surveillance",
          "manufacturer": "Flock Safety",
          "manufacturer:wikidata": "Q108485435",
          "surveillance": "public",
          "surveillance:type": "ALPR",
          "surveillance:zone": "traffic"
        }
      }
    },
    {
      "type": "Feature",
      "geometry": {
        "type": "Point",
        "coordinates": [
          -92.323978,
          38.9929504
        ]
      },
      "properties": {
        "osm_id": "node/13571247701",
        "name": null,
        "operator": null,
        "norec_status": "OSM_ONLY",
        "osm_surveillance_type": "ALPR",
        "camera_type": "fixed",
        "camera_mount": null,
        "raw_tags": {
          "camera:type": "fixed",
          "direction": "134-179",
          "man_made": "surveillance",
          "manufacturer": "Flock Safety",
          "manufacturer:wikidata": "Q108485435",
          "surveillance": "public",
          "surveillance:type": "ALPR",
          "surveillance:zone": "traffic"
        }
      }
    },
    {
      "type": "Feature",
      "geometry": {
        "type": "Point",
        "coordinates": [
          -92.3235721,
          38.9932217
        ]
      },
      "properties": {
        "osm_id": "node/13571249101",
        "name": null,
        "operator": null,
        "norec_status": "OSM_ONLY",
        "osm_surveillance_type": "ALPR",
        "camera_type": "fixed",
        "camera_mount": null,
        "raw_tags": {
          "camera:type": "fixed",
          "direction": "308-353",
          "man_made": "surveillance",
          "manufacturer": "Flock Safety",
          "manufacturer:wikidata": "Q108485435",
          "surveillance": "public",
          "surveillance:type": "ALPR",
          "surveillance:zone": "traffic"
        }
      }
    },
    {
      "type": "Feature",
      "geometry": {
        "type": "Point",
        "coordinates": [
          -92.3228796,
          38.9929848
        ]
      },
      "properties": {
        "osm_id": "node/13571249102",
        "name": null,
        "operator": null,
        "norec_status": "OSM_ONLY",
        "osm_surveillance_type": "ALPR",
        "camera_type": "fixed",
        "camera_mount": null,
        "raw_tags": {
          "camera:type": "fixed",
          "direction": "48-93",
          "man_made": "surveillance",
          "manufacturer": "Flock Safety",
          "manufacturer:wikidata": "Q108485435",
          "surveillance": "public",
          "surveillance:type": "ALPR",
          "surveillance:zone": "traffic"
        }
      }
    },
    {
      "type": "Feature",
      "geometry": {
        "type": "Point",
        "coordinates": [
          -92.3380129,
          38.9691253
        ]
      },
      "properties": {
        "osm_id": "node/13573752001",
        "name": null,
        "operator": null,
        "norec_status": "OSM_ONLY",
        "osm_surveillance_type": "ALPR",
        "camera_type": "fixed",
        "camera_mount": null,
        "raw_tags": {
          "camera:type": "fixed",
          "direction": "49",
          "man_made": "surveillance",
          "manufacturer": "Flock Safety",
          "manufacturer:wikidata": "Q108485435",
          "surveillance": "public",
          "surveillance:type": "ALPR",
          "surveillance:zone": "traffic"
        }
      }
    },
    {
      "type": "Feature",
      "geometry": {
        "type": "Point",
        "coordinates": [
          -92.3118095,
          38.9677545
        ]
      },
      "properties": {
        "osm_id": "node/13573752401",
        "name": null,
        "operator": null,
        "norec_status": "OSM_ONLY",
        "osm_surveillance_type": "ALPR",
        "camera_type": "fixed",
        "camera_mount": null,
        "raw_tags": {
          "camera:type": "fixed",
          "direction": "98",
          "man_made": "surveillance",
          "manufacturer": "Flock Safety",
          "manufacturer:wikidata": "Q108485435",
          "surveillance": "public",
          "surveillance:type": "ALPR",
          "surveillance:zone": "traffic"
        }
      }
    },
    {
      "type": "Feature",
      "geometry": {
        "type": "Point",
        "coordinates": [
          -92.2645248,
          38.9732079
        ]
      },
      "properties": {
        "osm_id": "node/13577771401",
        "name": null,
        "operator": null,
        "norec_status": "OSM_ONLY",
        "osm_surveillance_type": "ALPR",
        "camera_type": "fixed",
        "camera_mount": null,
        "raw_tags": {
          "camera:type": "fixed",
          "direction": "59-104",
          "man_made": "surveillance",
          "manufacturer": "Flock Safety",
          "manufacturer:wikidata": "Q108485435",
          "surveillance": "public",
          "surveillance:type": "ALPR",
          "surveillance:zone": "traffic"
        }
      }
    },
    {
      "type": "Feature",
      "geometry": {
        "type": "Point",
        "coordinates": [
          -93.2228765,
          36.2544058
        ]
      },
      "properties": {
        "osm_id": "node/13581395502",
        "name": null,
        "operator": null,
        "norec_status": "OSM_ONLY",
        "osm_surveillance_type": "ALPR",
        "camera_type": "fixed",
        "camera_mount": null,
        "raw_tags": {
          "camera:type": "fixed",
          "direction": "0",
          "man_made": "surveillance",
          "manufacturer": "Flock Safety",
          "manufacturer:wikidata": "Q108485435",
          "surveillance": "public",
          "surveillance:type": "ALPR",
          "surveillance:zone": "traffic"
        }
      }
    },
    {
      "type": "Feature",
      "geometry": {
        "type": "Point",
        "coordinates": [
          -92.3630688,
          38.9677279
        ]
      },
      "properties": {
        "osm_id": "node/13583631801",
        "name": null,
        "operator": null,
        "norec_status": "OSM_ONLY",
        "osm_surveillance_type": "ALPR",
        "camera_type": "fixed",
        "camera_mount": null,
        "raw_tags": {
          "camera:type": "fixed",
          "direction": "0",
          "man_made": "surveillance",
          "manufacturer": "Flock Safety",
          "manufacturer:wikidata": "Q108485435",
          "surveillance": "public",
          "surveillance:type": "ALPR",
          "surveillance:zone": "traffic"
        }
      }
    },
    {
      "type": "Feature",
      "geometry": {
        "type": "Point",
        "coordinates": [
          -88.8690936,
          42.2757131
        ]
      },
      "properties": {
        "osm_id": "node/13586113692",
        "name": null,
        "operator": null,
        "norec_status": "OSM_ONLY",
        "osm_surveillance_type": "ALPR",
        "camera_type": "fixed",
        "camera_mount": null,
        "raw_tags": {
          "agency": "Boone County Sheriff's Office",
          "camera:type": "fixed",
          "direction": "123",
          "man_made": "surveillance",
          "manufacturer": "Flock Safety",
          "manufacturer:wikidata": "Q108485435",
          "surveillance": "public",
          "surveillance:type": "ALPR",
          "surveillance:zone": "traffic"
        }
      }
    },
    {
      "type": "Feature",
      "geometry": {
        "type": "Point",
        "coordinates": [
          -93.1804564,
          36.2888931
        ]
      },
      "properties": {
        "osm_id": "node/13603925701",
        "name": null,
        "operator": null,
        "norec_status": "OSM_ONLY",
        "osm_surveillance_type": "ALPR",
        "camera_type": "fixed",
        "camera_mount": null,
        "raw_tags": {
          "camera:type": "fixed",
          "direction": "84",
          "man_made": "surveillance",
          "manufacturer": "Flock Safety",
          "manufacturer:wikidata": "Q108485435",
          "surveillance": "public",
          "surveillance:type": "ALPR",
          "surveillance:zone": "traffic"
        }
      }
    },
    {
      "type": "Feature",
      "geometry": {
        "type": "Point",
        "coordinates": [
          -92.3574116,
          38.9676838
        ]
      },
      "properties": {
        "osm_id": "node/13607961301",
        "name": null,
        "operator": null,
        "norec_status": "OSM_ONLY",
        "osm_surveillance_type": "ALPR",
        "camera_type": "fixed",
        "camera_mount": null,
        "raw_tags": {
          "camera:type": "fixed",
          "direction": "236",
          "man_made": "surveillance",
          "manufacturer": "Flock Safety",
          "manufacturer:wikidata": "Q108485435",
          "surveillance": "public",
          "surveillance:type": "ALPR",
          "surveillance:zone": "traffic"
        }
      }
    },
    {
      "type": "Feature",
      "geometry": {
        "type": "Point",
        "coordinates": [
          -92.1063544,
          39.2080873
        ]
      },
      "properties": {
        "osm_id": "node/13653636501",
        "name": null,
        "operator": null,
        "norec_status": "OSM_ONLY",
        "osm_surveillance_type": "ALPR",
        "camera_type": "fixed",
        "camera_mount": null,
        "raw_tags": {
          "camera:type": "fixed",
          "direction": "87",
          "man_made": "surveillance",
          "manufacturer": "Flock Safety",
          "manufacturer:wikidata": "Q108485435",
          "surveillance": "public",
          "surveillance:type": "ALPR",
          "surveillance:zone": "traffic"
        }
      }
    },
    {
      "type": "Feature",
      "geometry": {
        "type": "Point",
        "coordinates": [
          -92.310832,
          39.0750738
        ]
      },
      "properties": {
        "osm_id": "node/13665905701",
        "name": null,
        "operator": null,
        "norec_status": "OSM_ONLY",
        "osm_surveillance_type": "ALPR",
        "camera_type": "fixed",
        "camera_mount": "pole",
        "raw_tags": {
          "camera:mount": "pole",
          "camera:type": "fixed",
          "direction": "213",
          "man_made": "surveillance",
          "manufacturer": "Flock Safety",
          "manufacturer:wikidata": "Q108485435",
          "surveillance": "public",
          "surveillance:type": "ALPR",
          "surveillance:zone": "traffic"
        }
      }
    },
    {
      "type": "Feature",
      "geometry": {
        "type": "Point",
        "coordinates": [
          -92.3246647,
          38.9639331
        ]
      },
      "properties": {
        "osm_id": "node/13675725703",
        "name": null,
        "operator": null,
        "norec_status": "OSM_ONLY",
        "osm_surveillance_type": "ALPR",
        "camera_type": "fixed",
        "camera_mount": null,
        "raw_tags": {
          "camera:type": "fixed",
          "direction": "289;64",
          "man_made": "surveillance",
          "manufacturer": "Flock Safety",
          "manufacturer:wikidata": "Q108485435",
          "surveillance": "public",
          "surveillance:type": "ALPR",
          "surveillance:zone": "traffic"
        }
      }
    },
    {
      "type": "Feature",
      "geometry": {
        "type": "Point",
        "coordinates": [
          -92.3247913,
          38.9640885
        ]
      },
      "properties": {
        "osm_id": "node/13675734003",
        "name": null,
        "operator": null,
        "norec_status": "OSM_ONLY",
        "osm_surveillance_type": "ALPR",
        "camera_type": "fixed",
        "camera_mount": null,
        "raw_tags": {
          "camera:type": "fixed",
          "direction": "243;136",
          "man_made": "surveillance",
          "manufacturer": "Flock Safety",
          "manufacturer:wikidata": "Q108485435",
          "surveillance": "public",
          "surveillance:type": "ALPR",
          "surveillance:zone": "traffic"
        }
      }
    },
    {
      "type": "Feature",
      "geometry": {
        "type": "Point",
        "coordinates": [
          -92.3246474,
          38.9641502
        ]
      },
      "properties": {
        "osm_id": "node/13675748202",
        "name": null,
        "operator": null,
        "norec_status": "OSM_ONLY",
        "osm_surveillance_type": "ALPR",
        "camera_type": "fixed",
        "camera_mount": null,
        "raw_tags": {
          "camera:type": "fixed",
          "direction": "321",
          "man_made": "surveillance",
          "manufacturer": "Flock Safety",
          "manufacturer:wikidata": "Q108485435",
          "surveillance": "public",
          "surveillance:type": "ALPR",
          "surveillance:zone": "traffic"
        }
      }
    },
    {
      "type": "Feature",
      "geometry": {
        "type": "Point",
        "coordinates": [
          -92.3332678,
          38.9644727
        ]
      },
      "properties": {
        "osm_id": "node/13675767601",
        "name": null,
        "operator": null,
        "norec_status": "OSM_ONLY",
        "osm_surveillance_type": "ALPR",
        "camera_type": "fixed",
        "camera_mount": null,
        "raw_tags": {
          "camera:type": "fixed",
          "direction": "93",
          "man_made": "surveillance",
          "manufacturer": "Flock Safety",
          "manufacturer:wikidata": "Q108485435",
          "surveillance": "public",
          "surveillance:type": "ALPR",
          "surveillance:zone": "traffic"
        }
      }
    },
    {
      "type": "Feature",
      "geometry": {
        "type": "Point",
        "coordinates": [
          -92.3953096,
          38.9703207
        ]
      },
      "properties": {
        "osm_id": "node/13682492604",
        "name": null,
        "operator": null,
        "norec_status": "OSM_ONLY",
        "osm_surveillance_type": "ALPR",
        "camera_type": "fixed",
        "camera_mount": null,
        "raw_tags": {
          "camera:type": "fixed",
          "direction": "73",
          "man_made": "surveillance",
          "manufacturer": "Flock Safety",
          "manufacturer:wikidata": "Q108485435",
          "surveillance": "public",
          "surveillance:type": "ALPR",
          "surveillance:zone": "traffic"
        }
      }
    },
    {
      "type": "Feature",
      "geometry": {
        "type": "Point",
        "coordinates": [
          -92.3776653,
          38.9287531
        ]
      },
      "properties": {
        "osm_id": "node/13687445901",
        "name": null,
        "operator": null,
        "norec_status": "OSM_ONLY",
        "osm_surveillance_type": "ALPR",
        "camera_type": "fixed",
        "camera_mount": null,
        "raw_tags": {
          "camera:type": "fixed",
          "direction": "208",
          "man_made": "surveillance",
          "manufacturer": "Flock Safety",
          "manufacturer:wikidata": "Q108485435",
          "surveillance": "public",
          "surveillance:type": "ALPR",
          "surveillance:zone": "traffic"
        }
      }
    },
    {
      "type": "Feature",
      "geometry": {
        "type": "Point",
        "coordinates": [
          -92.4001613,
          38.9124378
        ]
      },
      "properties": {
        "osm_id": "node/13704726301",
        "name": null,
        "operator": null,
        "norec_status": "OSM_ONLY",
        "osm_surveillance_type": "ALPR",
        "camera_type": "fixed",
        "camera_mount": null,
        "raw_tags": {
          "camera:type": "fixed",
          "direction": "140;45",
          "man_made": "surveillance",
          "manufacturer": "Flock Safety",
          "manufacturer:wikidata": "Q108485435",
          "surveillance": "public",
          "surveillance:type": "ALPR",
          "surveillance:zone": "traffic"
        }
      }
    },
    {
      "type": "Feature",
      "geometry": {
        "type": "Point",
        "coordinates": [
          -92.3715345,
          38.9609786
        ]
      },
      "properties": {
        "osm_id": "node/13708305701",
        "name": null,
        "operator": null,
        "norec_status": "OSM_ONLY",
        "osm_surveillance_type": "ALPR",
        "camera_type": "fixed",
        "camera_mount": null,
        "raw_tags": {
          "camera:type": "fixed",
          "direction": "129",
          "man_made": "surveillance",
          "manufacturer": "Flock Safety",
          "manufacturer:wikidata": "Q108485435",
          "surveillance": "public",
          "surveillance:type": "ALPR",
          "surveillance:zone": "traffic"
        }
      }
    },
    {
      "type": "Feature",
      "geometry": {
        "type": "Point",
        "coordinates": [
          -92.2549802,
          38.7743508
        ]
      },
      "properties": {
        "osm_id": "node/13717242601",
        "name": null,
        "operator": null,
        "norec_status": "OSM_ONLY",
        "osm_surveillance_type": "ALPR",
        "camera_type": "fixed",
        "camera_mount": "pole",
        "raw_tags": {
          "camera:mount": "pole",
          "camera:type": "fixed",
          "direction": "269",
          "man_made": "surveillance",
          "manufacturer": "Flock Safety",
          "manufacturer:wikidata": "Q108485435",
          "surveillance": "public",
          "surveillance:type": "ALPR",
          "surveillance:zone": "traffic"
        }
      }
    },
    {
      "type": "Feature",
      "geometry": {
        "type": "Point",
        "coordinates": [
          -92.4603407,
          38.8846636
        ]
      },
      "properties": {
        "osm_id": "node/13717242602",
        "name": null,
        "operator": null,
        "norec_status": "OSM_ONLY",
        "osm_surveillance_type": "ALPR",
        "camera_type": "fixed",
        "camera_mount": null,
        "raw_tags": {
          "camera:type": "fixed",
          "direction": "185",
          "man_made": "surveillance",
          "manufacturer": "Flock Safety",
          "manufacturer:wikidata": "Q108485435",
          "surveillance": "public",
          "surveillance:type": "ALPR",
          "surveillance:zone": "traffic"
        }
      }
    },
    {
      "type": "Feature",
      "geometry": {
        "type": "Point",
        "coordinates": [
          -92.3333935,
          38.9645019
        ]
      },
      "properties": {
        "osm_id": "node/13717243801",
        "name": null,
        "operator": null,
        "norec_status": "OSM_ONLY",
        "osm_surveillance_type": "ALPR",
        "camera_type": "fixed",
        "camera_mount": "street_lamp",
        "raw_tags": {
          "camera:mount": "street_lamp",
          "camera:type": "fixed",
          "direction": "96",
          "man_made": "surveillance",
          "manufacturer": "Flock Safety",
          "manufacturer:wikidata": "Q108485435",
          "surveillance": "public",
          "surveillance:type": "ALPR",
          "surveillance:zone": "traffic"
        }
      }
    },
    {
      "type": "Feature",
      "geometry": {
        "type": "Point",
        "coordinates": [
          -92.5434497,
          38.9611741
        ]
      },
      "properties": {
        "osm_id": "node/13717245801",
        "name": null,
        "operator": null,
        "norec_status": "OSM_ONLY",
        "osm_surveillance_type": "ALPR",
        "camera_type": "fixed",
        "camera_mount": null,
        "raw_tags": {
          "camera:type": "fixed",
          "direction": "228",
          "man_made": "surveillance",
          "manufacturer": "Flock Safety",
          "manufacturer:wikidata": "Q108485435",
          "surveillance": "public",
          "surveillance:type": "ALPR",
          "surveillance:zone": "traffic"
        }
      }
    },
    {
      "type": "Feature",
      "geometry": {
        "type": "Point",
        "coordinates": [
          -92.3521463,
          38.8751007
        ]
      },
      "properties": {
        "osm_id": "node/13717245802",
        "name": null,
        "operator": null,
        "norec_status": "OSM_ONLY",
        "osm_surveillance_type": "ALPR",
        "camera_type": "fixed",
        "camera_mount": "pole",
        "raw_tags": {
          "camera:mount": "pole",
          "camera:type": "fixed",
          "direction": "44",
          "man_made": "surveillance",
          "manufacturer": "Flock Safety",
          "manufacturer:wikidata": "Q108485435",
          "surveillance": "public",
          "surveillance:type": "ALPR",
          "surveillance:zone": "traffic"
        }
      }
    },
    {
      "type": "Feature",
      "geometry": {
        "type": "Point",
        "coordinates": [
          -92.3227722,
          38.9362602
        ]
      },
      "properties": {
        "osm_id": "node/13717252401",
        "name": null,
        "operator": null,
        "norec_status": "OSM_ONLY",
        "osm_surveillance_type": "ALPR",
        "camera_type": "fixed",
        "camera_mount": "pole",
        "raw_tags": {
          "camera:mount": "pole",
          "camera:type": "fixed",
          "direction": "33;168;171",
          "man_made": "surveillance",
          "manufacturer": "Neology, Inc.",
          "surveillance": "public",
          "surveillance:type": "ALPR",
          "surveillance:zone": "traffic"
        }
      }
    },
    {
      "type": "Feature",
      "geometry": {
        "type": "Point",
        "coordinates": [
          -92.3276695,
          38.9484765
        ]
      },
      "properties": {
        "osm_id": "node/13717255201",
        "name": null,
        "operator": null,
        "norec_status": "OSM_ONLY",
        "osm_surveillance_type": "ALPR",
        "camera_type": "fixed",
        "camera_mount": null,
        "raw_tags": {
          "camera:type": "fixed",
          "direction": "21;71;282",
          "man_made": "surveillance",
          "manufacturer": "Neology, Inc.",
          "surveillance": "public",
          "surveillance:type": "ALPR",
          "surveillance:zone": "traffic"
        }
      }
    },
    {
      "type": "Feature",
      "geometry": {
        "type": "Point",
        "coordinates": [
          -92.2678995,
          38.9605237
        ]
      },
      "properties": {
        "osm_id": "node/13717255202",
        "name": null,
        "operator": null,
        "norec_status": "OSM_ONLY",
        "osm_surveillance_type": "ALPR",
        "camera_type": "fixed",
        "camera_mount": "pole",
        "raw_tags": {
          "camera:mount": "pole",
          "camera:type": "fixed",
          "direction": "86",
          "man_made": "surveillance",
          "manufacturer": "Flock Safety",
          "manufacturer:wikidata": "Q108485435",
          "surveillance": "public",
          "surveillance:type": "ALPR",
          "surveillance:zone": "traffic"
        }
      }
    },
    {
      "type": "Feature",
      "geometry": {
        "type": "Point",
        "coordinates": [
          -92.2678728,
          38.9610276
        ]
      },
      "properties": {
        "osm_id": "node/13717256701",
        "name": null,
        "operator": null,
        "norec_status": "OSM_ONLY",
        "osm_surveillance_type": "ALPR",
        "camera_type": "fixed",
        "camera_mount": "pole",
        "raw_tags": {
          "camera:mount": "pole",
          "camera:type": "fixed",
          "direction": "263",
          "man_made": "surveillance",
          "manufacturer": "Flock Safety",
          "manufacturer:wikidata": "Q108485435",
          "surveillance": "public",
          "surveillance:type": "ALPR",
          "surveillance:zone": "traffic"
        }
      }
    },
    {
      "type": "Feature",
      "geometry": {
        "type": "Point",
        "coordinates": [
          -92.3696272,
          38.9609139
        ]
      },
      "properties": {
        "osm_id": "node/13722249001",
        "name": null,
        "operator": null,
        "norec_status": "OSM_ONLY",
        "osm_surveillance_type": "ALPR",
        "camera_type": "fixed",
        "camera_mount": null,
        "raw_tags": {
          "camera:type": "fixed",
          "direction": "95",
          "man_made": "surveillance",
          "manufacturer": "Flock Safety",
          "manufacturer:wikidata": "Q108485435",
          "surveillance": "public",
          "surveillance:type": "ALPR",
          "surveillance:zone": "traffic"
        }
      }
    },
    {
      "type": "Feature",
      "geometry": {
        "type": "Point",
        "coordinates": [
          -92.3991508,
          38.9125247
        ]
      },
      "properties": {
        "osm_id": "node/13726088701",
        "name": null,
        "operator": null,
        "norec_status": "OSM_ONLY",
        "osm_surveillance_type": "ALPR",
        "camera_type": "fixed",
        "camera_mount": null,
        "raw_tags": {
          "camera:type": "fixed",
          "direction": "60",
          "man_made": "surveillance",
          "manufacturer": "Flock Safety",
          "manufacturer:wikidata": "Q108485435",
          "surveillance": "public",
          "surveillance:type": "ALPR",
          "surveillance:zone": "traffic"
        }
      }
    },
    {
      "type": "Feature",
      "geometry": {
        "type": "Point",
        "coordinates": [
          -92.3999856,
          38.913471
        ]
      },
      "properties": {
        "osm_id": "node/13726089501",
        "name": null,
        "operator": null,
        "norec_status": "OSM_ONLY",
        "osm_surveillance_type": "ALPR",
        "camera_type": "fixed",
        "camera_mount": null,
        "raw_tags": {
          "camera:type": "fixed",
          "direction": "76;299",
          "man_made": "surveillance",
          "manufacturer": "Flock Safety",
          "manufacturer:wikidata": "Q108485435",
          "surveillance": "public",
          "surveillance:type": "ALPR",
          "surveillance:zone": "traffic"
        }
      }
    },
    {
      "type": "Feature",
      "geometry": {
        "type": "Point",
        "coordinates": [
          -92.3714767,
          38.9537781
        ]
      },
      "properties": {
        "osm_id": "node/13743858601",
        "name": null,
        "operator": null,
        "norec_status": "OSM_ONLY",
        "osm_surveillance_type": "ALPR",
        "camera_type": "fixed",
        "camera_mount": null,
        "raw_tags": {
          "camera:type": "fixed",
          "direction": "165",
          "man_made": "surveillance",
          "manufacturer": "Flock Safety",
          "manufacturer:wikidata": "Q108485435",
          "surveillance": "public",
          "surveillance:type": "ALPR",
          "surveillance:zone": "traffic"
        }
      }
    },
    {
      "type": "Feature",
      "geometry": {
        "type": "Point",
        "coordinates": [
          -92.3568813,
          38.9164369
        ]
      },
      "properties": {
        "osm_id": "node/13744064401",
        "name": null,
        "operator": null,
        "norec_status": "OSM_ONLY",
        "osm_surveillance_type": "ALPR",
        "camera_type": "fixed",
        "camera_mount": null,
        "raw_tags": {
          "camera:type": "fixed",
          "direction": "0",
          "man_made": "surveillance",
          "manufacturer": "Flock Safety",
          "manufacturer:wikidata": "Q108485435",
          "surveillance": "public",
          "surveillance:type": "ALPR",
          "surveillance:zone": "traffic"
        }
      }
    },
    {
      "type": "Feature",
      "geometry": {
        "type": "Point",
        "coordinates": [
          -92.3248049,
          38.9640977
        ]
      },
      "properties": {
        "osm_id": "node/13759015802",
        "name": null,
        "operator": null,
        "norec_status": "OSM_ONLY",
        "osm_surveillance_type": "ALPR",
        "camera_type": "fixed",
        "camera_mount": "pole",
        "raw_tags": {
          "camera:mount": "pole",
          "camera:type": "fixed",
          "direction": "239;169",
          "man_made": "surveillance",
          "manufacturer": "Flock Safety",
          "manufacturer:wikidata": "Q108485435",
          "surveillance": "public",
          "surveillance:type": "ALPR",
          "surveillance:zone": "traffic"
        }
      }
    },
    {
      "type": "Feature",
      "geometry": {
        "type": "Point",
        "coordinates": [
          -92.4009324,
          38.912884
        ]
      },
      "properties": {
        "osm_id": "node/13765092001",
        "name": null,
        "operator": null,
        "norec_status": "OSM_ONLY",
        "osm_surveillance_type": "ALPR",
        "camera_type": "fixed",
        "camera_mount": null,
        "raw_tags": {
          "camera:type": "fixed",
          "direction": "161",
          "man_made": "surveillance",
          "manufacturer": "Flock Safety",
          "manufacturer:wikidata": "Q108485435",
          "surveillance": "public",
          "surveillance:type": "ALPR",
          "surveillance:zone": "traffic"
        }
      }
    },
    {
      "type": "Feature",
      "geometry": {
        "type": "Point",
        "coordinates": [
          -84.6255201,
          39.0213404
        ]
      },
      "properties": {
        "osm_id": "node/13780981411",
        "name": null,
        "operator": null,
        "norec_status": "OSM_ONLY",
        "osm_surveillance_type": "ALPR",
        "camera_type": "fixed",
        "camera_mount": null,
        "raw_tags": {
          "camera:type": "fixed",
          "man_made": "surveillance",
          "manufacturer": "Flock Safety",
          "manufacturer:wikidata": "Q108485435",
          "surveillance": "public",
          "surveillance:type": "ALPR",
          "surveillance:zone": "traffic"
        }
      }
    },
    {
      "type": "Feature",
      "geometry": {
        "type": "Point",
        "coordinates": [
          -84.6255029,
          39.0213278
        ]
      },
      "properties": {
        "osm_id": "node/13780981412",
        "name": null,
        "operator": null,
        "norec_status": "OSM_ONLY",
        "osm_surveillance_type": "ALPR",
        "camera_type": "fixed",
        "camera_mount": null,
        "raw_tags": {
          "camera:type": "fixed",
          "man_made": "surveillance",
          "manufacturer": "Flock Safety",
          "manufacturer:wikidata": "Q108485435",
          "surveillance": "public",
          "surveillance:type": "ALPR",
          "surveillance:zone": "traffic"
        }
      }
    },
    {
      "type": "Feature",
      "geometry": {
        "type": "Point",
        "coordinates": [
          -92.2542302,
          38.9582991
        ]
      },
      "properties": {
        "osm_id": "node/13781617049",
        "name": null,
        "operator": null,
        "norec_status": "OSM_ONLY",
        "osm_surveillance_type": "ALPR",
        "camera_type": "fixed",
        "camera_mount": null,
        "raw_tags": {
          "camera:type": "fixed",
          "direction": "180",
          "man_made": "surveillance",
          "manufacturer": "Flock Safety",
          "manufacturer:wikidata": "Q108485435",
          "surveillance": "public",
          "surveillance:type": "ALPR",
          "surveillance:zone": "traffic"
        }
      }
    },
    {
      "type": "Feature",
      "geometry": {
        "type": "Point",
        "coordinates": [
          -92.3709906,
          38.9610457
        ]
      },
      "properties": {
        "osm_id": "node/13785744923",
        "name": null,
        "operator": null,
        "norec_status": "OSM_ONLY",
        "osm_surveillance_type": "ALPR",
        "camera_type": "fixed",
        "camera_mount": null,
        "raw_tags": {
          "camera:type": "fixed",
          "direction": "55",
          "man_made": "surveillance",
          "manufacturer": "Flock Safety",
          "manufacturer:wikidata": "Q108485435",
          "surveillance": "public",
          "surveillance:type": "ALPR",
          "surveillance:zone": "traffic"
        }
      }
    },
    {
      "type": "Feature",
      "geometry": {
        "type": "Point",
        "coordinates": [
          -92.3711107,
          38.9612756
        ]
      },
      "properties": {
        "osm_id": "node/13785744924",
        "name": null,
        "operator": null,
        "norec_status": "OSM_ONLY",
        "osm_surveillance_type": "ALPR",
        "camera_type": "fixed",
        "camera_mount": null,
        "raw_tags": {
          "camera:type": "fixed",
          "direction": "245",
          "man_made": "surveillance",
          "manufacturer": "Flock Safety",
          "manufacturer:wikidata": "Q108485435",
          "surveillance": "public",
          "surveillance:type": "ALPR",
          "surveillance:zone": "traffic"
        }
      }
    },
    {
      "type": "Feature",
      "geometry": {
        "type": "Point",
        "coordinates": [
          -84.6272494,
          39.0116644
        ]
      },
      "properties": {
        "osm_id": "node/13787952601",
        "name": null,
        "operator": null,
        "norec_status": "OSM_ONLY",
        "osm_surveillance_type": "ALPR",
        "camera_type": "fixed",
        "camera_mount": null,
        "raw_tags": {
          "camera:type": "fixed",
          "direction": "342",
          "man_made": "surveillance",
          "manufacturer": "Flock Safety",
          "manufacturer:wikidata": "Q108485435",
          "surveillance": "public",
          "surveillance:type": "ALPR",
          "surveillance:zone": "traffic"
        }
      }
    },
    {
      "type": "Feature",
      "geometry": {
        "type": "Point",
        "coordinates": [
          -84.624155,
          39.0135396
        ]
      },
      "properties": {
        "osm_id": "node/13809512360",
        "name": null,
        "operator": null,
        "norec_status": "OSM_ONLY",
        "osm_surveillance_type": "ALPR",
        "camera_type": "fixed",
        "camera_mount": null,
        "raw_tags": {
          "camera:type": "fixed",
          "check_date": "2026-05-08",
          "direction": "285",
          "man_made": "surveillance",
          "manufacturer": "Flock Safety",
          "manufacturer:wikidata": "Q108485435",
          "surveillance": "public",
          "surveillance:type": "ALPR",
          "surveillance:zone": "traffic"
        }
      }
    },
    {
      "type": "Feature",
      "geometry": {
        "type": "Point",
        "coordinates": [
          -84.6268112,
          39.0203189
        ]
      },
      "properties": {
        "osm_id": "node/13809512361",
        "name": null,
        "operator": null,
        "norec_status": "OSM_ONLY",
        "osm_surveillance_type": "ALPR",
        "camera_type": "fixed",
        "camera_mount": null,
        "raw_tags": {
          "camera:type": "fixed",
          "direction": "275",
          "fixme": "Approximated location from casual observation. Faces away from Lowes",
          "man_made": "surveillance",
          "manufacturer": "Flock Safety",
          "manufacturer:wikidata": "Q108485435",
          "surveillance": "public",
          "surveillance:type": "ALPR",
          "surveillance:zone": "traffic"
        }
      }
    },
    {
      "type": "Feature",
      "geometry": {
        "type": "Point",
        "coordinates": [
          -84.6282544,
          39.0129257
        ]
      },
      "properties": {
        "osm_id": "node/13809592988",
        "name": null,
        "operator": null,
        "norec_status": "OSM_ONLY",
        "osm_surveillance_type": "ALPR",
        "camera_type": "fixed",
        "camera_mount": null,
        "raw_tags": {
          "camera:type": "fixed",
          "direction": "105",
          "fixme": "inexact location, casual observation",
          "man_made": "surveillance",
          "manufacturer": "Flock Safety",
          "manufacturer:wikidata": "Q108485435",
          "surveillance": "public",
          "surveillance:type": "ALPR",
          "surveillance:zone": "traffic"
        }
      }
    },
    {
      "type": "Feature",
      "geometry": {
        "type": "Point",
        "coordinates": [
          -92.3246735,
          38.9641161
        ]
      },
      "properties": {
        "osm_id": "node/13819608901",
        "name": null,
        "operator": null,
        "norec_status": "OSM_ONLY",
        "osm_surveillance_type": "ALPR",
        "camera_type": "fixed",
        "camera_mount": null,
        "raw_tags": {
          "camera:type": "fixed",
          "direction": "335",
          "man_made": "surveillance",
          "manufacturer": "Flock Safety",
          "manufacturer:wikidata": "Q108485435",
          "surveillance": "public",
          "surveillance:type": "ALPR",
          "surveillance:zone": "traffic"
        }
      }
    },
    {
      "type": "Feature",
      "geometry": {
        "type": "Point",
        "coordinates": [
          -92.3246707,
          38.9639408
        ]
      },
      "properties": {
        "osm_id": "node/13819631601",
        "name": null,
        "operator": null,
        "norec_status": "OSM_ONLY",
        "osm_surveillance_type": "ALPR",
        "camera_type": "fixed",
        "camera_mount": null,
        "raw_tags": {
          "camera:type": "fixed",
          "direction": "55;292",
          "man_made": "surveillance",
          "manufacturer": "Flock Safety",
          "manufacturer:wikidata": "Q108485435",
          "surveillance": "public",
          "surveillance:type": "ALPR",
          "surveillance:zone": "traffic"
        }
      }
    },
    {
      "type": "Feature",
      "geometry": {
        "type": "Point",
        "coordinates": [
          -92.3362314,
          38.9650456
        ]
      },
      "properties": {
        "osm_id": "node/13819632201",
        "name": null,
        "operator": null,
        "norec_status": "OSM_ONLY",
        "osm_surveillance_type": "ALPR",
        "camera_type": "fixed",
        "camera_mount": null,
        "raw_tags": {
          "camera:type": "fixed",
          "direction": "254",
          "man_made": "surveillance",
          "manufacturer": "Flock Safety",
          "manufacturer:wikidata": "Q108485435",
          "surveillance": "public",
          "surveillance:type": "ALPR",
          "surveillance:zone": "traffic"
        }
      }
    },
    {
      "type": "Feature",
      "geometry": {
        "type": "Point",
        "coordinates": [
          -92.3105536,
          38.9496137
        ]
      },
      "properties": {
        "osm_id": "node/13824871801",
        "name": null,
        "operator": null,
        "norec_status": "OSM_ONLY",
        "osm_surveillance_type": "ALPR",
        "camera_type": "fixed",
        "camera_mount": null,
        "raw_tags": {
          "camera:type": "fixed",
          "direction": "321",
          "man_made": "surveillance",
          "manufacturer": "Flock Safety",
          "manufacturer:wikidata": "Q108485435",
          "surveillance": "public",
          "surveillance:type": "ALPR",
          "surveillance:zone": "traffic"
        }
      }
    },
    {
      "type": "Feature",
      "geometry": {
        "type": "Point",
        "coordinates": [
          -92.2703756,
          38.8915021
        ]
      },
      "properties": {
        "osm_id": "node/13830838901",
        "name": null,
        "operator": null,
        "norec_status": "OSM_ONLY",
        "osm_surveillance_type": "ALPR",
        "camera_type": "fixed",
        "camera_mount": null,
        "raw_tags": {
          "camera:type": "fixed",
          "direction": "277",
          "man_made": "surveillance",
          "manufacturer": "Flock Safety",
          "manufacturer:wikidata": "Q108485435",
          "surveillance": "public",
          "surveillance:type": "ALPR",
          "surveillance:zone": "traffic"
        }
      }
    },
    {
      "type": "Feature",
      "geometry": {
        "type": "Point",
        "coordinates": [
          -92.3341398,
          38.910238
        ]
      },
      "properties": {
        "osm_id": "node/13866357501",
        "name": null,
        "operator": null,
        "norec_status": "OSM_ONLY",
        "osm_surveillance_type": "ALPR",
        "camera_type": "fixed",
        "camera_mount": null,
        "raw_tags": {
          "camera:type": "fixed",
          "direction": "261",
          "man_made": "surveillance",
          "manufacturer": "Flock Safety",
          "manufacturer:wikidata": "Q108485435",
          "surveillance": "public",
          "surveillance:type": "ALPR",
          "surveillance:zone": "traffic"
        }
      }
    },
    {
      "type": "Feature",
      "geometry": {
        "type": "Point",
        "coordinates": [
          -92.2934626,
          38.9322595
        ]
      },
      "properties": {
        "osm_id": "node/13879551001",
        "name": null,
        "operator": null,
        "norec_status": "OSM_ONLY",
        "osm_surveillance_type": "ALPR",
        "camera_type": "fixed",
        "camera_mount": null,
        "raw_tags": {
          "camera:type": "fixed",
          "direction": "289",
          "man_made": "surveillance",
          "manufacturer": "Flock Safety",
          "manufacturer:wikidata": "Q108485435",
          "surveillance": "public",
          "surveillance:type": "ALPR",
          "surveillance:zone": "traffic"
        }
      }
    },
    {
      "type": "Feature",
      "geometry": {
        "type": "Point",
        "coordinates": [
          -92.3103489,
          38.9491677
        ]
      },
      "properties": {
        "osm_id": "node/13897199902",
        "name": null,
        "operator": null,
        "norec_status": "OSM_ONLY",
        "osm_surveillance_type": "ALPR",
        "camera_type": "fixed",
        "camera_mount": null,
        "raw_tags": {
          "camera:type": "fixed",
          "direction": "195",
          "man_made": "surveillance",
          "manufacturer": "Flock Safety",
          "manufacturer:wikidata": "Q108485435",
          "surveillance": "public",
          "surveillance:type": "ALPR",
          "surveillance:zone": "traffic"
        }
      }
    },
    {
      "type": "Feature",
      "geometry": {
        "type": "Point",
        "coordinates": [
          -88.7064713,
          42.4294645
        ]
      },
      "properties": {
        "osm_id": "node/13904732282",
        "name": null,
        "operator": null,
        "norec_status": "OSM_ONLY",
        "osm_surveillance_type": "ALPR",
        "camera_type": null,
        "camera_mount": null,
        "raw_tags": {
          "direction": "90",
          "man_made": "surveillance",
          "surveillance": "outdoor",
          "surveillance:type": "ALPR"
        }
      }
    },
    {
      "type": "Feature",
      "geometry": {
        "type": "Point",
        "coordinates": [
          -92.3723576,
          38.961397
        ]
      },
      "properties": {
        "osm_id": "node/13910737301",
        "name": null,
        "operator": null,
        "norec_status": "OSM_ONLY",
        "osm_surveillance_type": "ALPR",
        "camera_type": "fixed",
        "camera_mount": "pole",
        "raw_tags": {
          "camera:mount": "pole",
          "camera:type": "fixed",
          "direction": "245;144",
          "man_made": "surveillance",
          "manufacturer": "Flock Safety",
          "manufacturer:wikidata": "Q108485435",
          "surveillance": "public",
          "surveillance:type": "ALPR",
          "surveillance:zone": "traffic"
        }
      }
    },
    {
      "type": "Feature",
      "geometry": {
        "type": "Point",
        "coordinates": [
          -92.3902812,
          38.9703564
        ]
      },
      "properties": {
        "osm_id": "node/13910740901",
        "name": null,
        "operator": null,
        "norec_status": "OSM_ONLY",
        "osm_surveillance_type": "ALPR",
        "camera_type": "fixed",
        "camera_mount": "pole",
        "raw_tags": {
          "camera:mount": "pole",
          "camera:type": "fixed",
          "direction": "270",
          "man_made": "surveillance",
          "manufacturer": "Flock Safety",
          "manufacturer:wikidata": "Q108485435",
          "surveillance": "public",
          "surveillance:type": "ALPR",
          "surveillance:zone": "traffic"
        }
      }
    },
    {
      "type": "Feature",
      "geometry": {
        "type": "Point",
        "coordinates": [
          -92.4015491,
          38.8676763
        ]
      },
      "properties": {
        "osm_id": "node/13910751001",
        "name": null,
        "operator": null,
        "norec_status": "OSM_ONLY",
        "osm_surveillance_type": "ALPR",
        "camera_type": "fixed",
        "camera_mount": "pole",
        "raw_tags": {
          "camera:mount": "pole",
          "camera:type": "fixed",
          "direction": "171",
          "man_made": "surveillance",
          "manufacturer": "Flock Safety",
          "manufacturer:wikidata": "Q108485435",
          "surveillance": "public",
          "surveillance:type": "ALPR",
          "surveillance:zone": "traffic"
        }
      }
    },
    {
      "type": "Feature",
      "geometry": {
        "type": "Point",
        "coordinates": [
          -92.3895959,
          38.8671486
        ]
      },
      "properties": {
        "osm_id": "node/13910751002",
        "name": null,
        "operator": null,
        "norec_status": "OSM_ONLY",
        "osm_surveillance_type": "ALPR",
        "camera_type": "fixed",
        "camera_mount": "pole",
        "raw_tags": {
          "camera:mount": "pole",
          "camera:type": "fixed",
          "direction": "134",
          "man_made": "surveillance",
          "manufacturer": "Flock Safety",
          "manufacturer:wikidata": "Q108485435",
          "surveillance": "public",
          "surveillance:type": "ALPR",
          "surveillance:zone": "traffic"
        }
      }
    },
    {
      "type": "Feature",
      "geometry": {
        "type": "Point",
        "coordinates": [
          -92.3856234,
          38.8674889
        ]
      },
      "properties": {
        "osm_id": "node/13910751301",
        "name": null,
        "operator": null,
        "norec_status": "OSM_ONLY",
        "osm_surveillance_type": "ALPR",
        "camera_type": "fixed",
        "camera_mount": "pole",
        "raw_tags": {
          "camera:mount": "pole",
          "camera:type": "fixed",
          "direction": "167",
          "man_made": "surveillance",
          "manufacturer": "Flock Safety",
          "manufacturer:wikidata": "Q108485435",
          "surveillance": "public",
          "surveillance:type": "ALPR",
          "surveillance:zone": "traffic"
        }
      }
    },
    {
      "type": "Feature",
      "geometry": {
        "type": "Point",
        "coordinates": [
          -92.2227755,
          38.9684433
        ]
      },
      "properties": {
        "osm_id": "node/13910751302",
        "name": null,
        "operator": null,
        "norec_status": "OSM_ONLY",
        "osm_surveillance_type": "ALPR",
        "camera_type": "fixed",
        "camera_mount": null,
        "raw_tags": {
          "camera:type": "fixed",
          "direction": "200",
          "man_made": "surveillance",
          "manufacturer": "Motorola Solutions",
          "manufacturer:wikidata": "Q634815",
          "surveillance": "public",
          "surveillance:type": "ALPR",
          "surveillance:zone": "traffic"
        }
      }
    },
    {
      "type": "Feature",
      "geometry": {
        "type": "Point",
        "coordinates": [
          -92.3262939,
          38.9350293
        ]
      },
      "properties": {
        "osm_id": "node/13910754201",
        "name": null,
        "operator": null,
        "norec_status": "OSM_ONLY",
        "osm_surveillance_type": "ALPR",
        "camera_type": "fixed",
        "camera_mount": "pole",
        "raw_tags": {
          "camera:mount": "pole",
          "camera:type": "fixed",
          "direction": "80;270",
          "man_made": "surveillance",
          "manufacturer": "Motorola Solutions",
          "manufacturer:wikidata": "Q634815",
          "surveillance": "public",
          "surveillance:type": "ALPR",
          "surveillance:zone": "traffic"
        }
      }
    },
    {
      "type": "Feature",
      "geometry": {
        "type": "Point",
        "coordinates": [
          -92.3308458,
          38.9376725
        ]
      },
      "properties": {
        "osm_id": "node/13910754701",
        "name": null,
        "operator": null,
        "norec_status": "OSM_ONLY",
        "osm_surveillance_type": "ALPR",
        "camera_type": "fixed",
        "camera_mount": "pole",
        "raw_tags": {
          "camera:mount": "pole",
          "camera:type": "fixed",
          "direction": "177;101;27;264",
          "man_made": "surveillance",
          "manufacturer": "Motorola Solutions",
          "manufacturer:wikidata": "Q634815",
          "surveillance": "public",
          "surveillance:type": "ALPR",
          "surveillance:zone": "traffic"
        }
      }
    },
    {
      "type": "Feature",
      "geometry": {
        "type": "Point",
        "coordinates": [
          -92.327844,
          38.9441955
        ]
      },
      "properties": {
        "osm_id": "node/13910755701",
        "name": null,
        "operator": null,
        "norec_status": "OSM_ONLY",
        "osm_surveillance_type": "ALPR",
        "camera_type": "fixed",
        "camera_mount": "pole",
        "raw_tags": {
          "camera:mount": "pole",
          "camera:type": "fixed",
          "direction": "56;268",
          "man_made": "surveillance",
          "manufacturer": "Motorola Solutions",
          "manufacturer:wikidata": "Q634815",
          "surveillance": "public",
          "surveillance:type": "ALPR",
          "surveillance:zone": "traffic"
        }
      }
    },
    {
      "type": "Feature",
      "geometry": {
        "type": "Point",
        "coordinates": [
          -92.3256984,
          38.9452514
        ]
      },
      "properties": {
        "osm_id": "node/13910759201",
        "name": null,
        "operator": null,
        "norec_status": "OSM_ONLY",
        "osm_surveillance_type": "ALPR",
        "camera_type": "fixed",
        "camera_mount": null,
        "raw_tags": {
          "camera:type": "fixed",
          "direction": "0;168",
          "man_made": "surveillance",
          "manufacturer": "Motorola Solutions",
          "manufacturer:wikidata": "Q634815",
          "surveillance": "public",
          "surveillance:type": "ALPR",
          "surveillance:zone": "traffic"
        }
      }
    },
    {
      "type": "Feature",
      "geometry": {
        "type": "Point",
        "coordinates": [
          -92.4570242,
          39.1416675
        ]
      },
      "properties": {
        "osm_id": "node/13927881401",
        "name": null,
        "operator": null,
        "norec_status": "OSM_ONLY",
        "osm_surveillance_type": "ALPR",
        "camera_type": "fixed",
        "camera_mount": "pole",
        "raw_tags": {
          "camera:mount": "pole",
          "camera:type": "fixed",
          "direction": "185",
          "man_made": "surveillance",
          "manufacturer": "Flock Safety",
          "manufacturer:wikidata": "Q108485435",
          "surveillance": "public",
          "surveillance:type": "ALPR",
          "surveillance:zone": "traffic"
        }
      }
    },
    {
      "type": "Feature",
      "geometry": {
        "type": "Point",
        "coordinates": [
          -84.6549869,
          39.0694614
        ]
      },
      "properties": {
        "osm_id": "node/13936896601",
        "name": null,
        "operator": null,
        "norec_status": "OSM_ONLY",
        "osm_surveillance_type": "ALPR",
        "camera_type": "fixed",
        "camera_mount": null,
        "raw_tags": {
          "camera:type": "fixed",
          "direction": "188",
          "man_made": "surveillance",
          "manufacturer": "Flock Safety",
          "manufacturer:wikidata": "Q108485435",
          "surveillance": "public",
          "surveillance:type": "ALPR",
          "surveillance:zone": "traffic"
        }
      }
    },
    {
      "type": "Feature",
      "geometry": {
        "type": "Point",
        "coordinates": [
          -84.6488836,
          39.0451046
        ]
      },
      "properties": {
        "osm_id": "node/13946232301",
        "name": null,
        "operator": null,
        "norec_status": "OSM_ONLY",
        "osm_surveillance_type": "ALPR",
        "camera_type": "fixed",
        "camera_mount": null,
        "raw_tags": {
          "camera:type": "fixed",
          "direction": "187",
          "man_made": "surveillance",
          "manufacturer": "Flock Safety",
          "manufacturer:wikidata": "Q108485435",
          "surveillance": "public",
          "surveillance:type": "ALPR",
          "surveillance:zone": "traffic"
        }
      }
    },
    {
      "type": "Feature",
      "geometry": {
        "type": "Point",
        "coordinates": [
          -84.6490522,
          39.0017729
        ]
      },
      "properties": {
        "osm_id": "node/13954752601",
        "name": null,
        "operator": null,
        "norec_status": "OSM_ONLY",
        "osm_surveillance_type": "ALPR",
        "camera_type": "fixed",
        "camera_mount": null,
        "raw_tags": {
          "camera:type": "fixed",
          "direction": "270",
          "man_made": "surveillance",
          "manufacturer": "Flock Safety",
          "manufacturer:wikidata": "Q108485435",
          "surveillance": "public",
          "surveillance:type": "ALPR",
          "surveillance:zone": "traffic"
        }
      }
    },
    {
      "type": "Feature",
      "geometry": {
        "type": "Point",
        "coordinates": [
          -86.3556665,
          39.9425258
        ]
      },
      "properties": {
        "osm_id": "node/13961084340",
        "name": null,
        "operator": null,
        "norec_status": "OSM_ONLY",
        "osm_surveillance_type": "ALPR",
        "camera_type": "fixed",
        "camera_mount": null,
        "raw_tags": {
          "camera:type": "fixed",
          "direction": "260",
          "man_made": "surveillance",
          "manufacturer": "Flock Safety",
          "manufacturer:wikidata": "Q108485435",
          "surveillance": "public",
          "surveillance:type": "ALPR",
          "surveillance:zone": "traffic"
        }
      }
    },
    {
      "type": "Feature",
      "geometry": {
        "type": "Point",
        "coordinates": [
          -93.1298141,
          36.2576062
        ]
      },
      "properties": {
        "osm_id": "node/13963512006",
        "name": null,
        "operator": null,
        "norec_status": "OSM_ONLY",
        "osm_surveillance_type": "ALPR",
        "camera_type": "fixed",
        "camera_mount": null,
        "raw_tags": {
          "camera:type": "fixed",
          "direction": "356",
          "man_made": "surveillance",
          "manufacturer": "Flock Safety",
          "manufacturer:wikidata": "Q108485435",
          "surveillance": "public",
          "surveillance:type": "ALPR",
          "surveillance:zone": "traffic"
        }
      }
    },
    {
      "type": "Feature",
      "geometry": {
        "type": "Point",
        "coordinates": [
          -93.1298459,
          36.2575869
        ]
      },
      "properties": {
        "osm_id": "node/13963512107",
        "name": null,
        "operator": null,
        "norec_status": "OSM_ONLY",
        "osm_surveillance_type": "ALPR",
        "camera_type": "fixed",
        "camera_mount": null,
        "raw_tags": {
          "camera:type": "fixed",
          "direction": "252",
          "man_made": "surveillance",
          "manufacturer": "Flock Safety",
          "manufacturer:wikidata": "Q108485435",
          "surveillance": "public",
          "surveillance:type": "ALPR",
          "surveillance:zone": "traffic"
        }
      }
    },
    {
      "type": "Feature",
      "geometry": {
        "type": "Point",
        "coordinates": [
          -93.1298441,
          36.2574656
        ]
      },
      "properties": {
        "osm_id": "node/13963514802",
        "name": null,
        "operator": null,
        "norec_status": "OSM_ONLY",
        "osm_surveillance_type": "ALPR",
        "camera_type": "fixed",
        "camera_mount": null,
        "raw_tags": {
          "camera:type": "fixed",
          "direction": "169",
          "man_made": "surveillance",
          "manufacturer": "Flock Safety",
          "manufacturer:wikidata": "Q108485435",
          "surveillance": "public",
          "surveillance:type": "ALPR",
          "surveillance:zone": "traffic"
        }
      }
    },
    {
      "type": "Feature",
      "geometry": {
        "type": "Point",
        "coordinates": [
          -93.1300876,
          36.2574905
        ]
      },
      "properties": {
        "osm_id": "node/13963514803",
        "name": null,
        "operator": null,
        "norec_status": "OSM_ONLY",
        "osm_surveillance_type": "ALPR",
        "camera_type": "fixed",
        "camera_mount": null,
        "raw_tags": {
          "camera:type": "fixed",
          "direction": "177",
          "man_made": "surveillance",
          "manufacturer": "Flock Safety",
          "manufacturer:wikidata": "Q108485435",
          "surveillance": "public",
          "surveillance:type": "ALPR",
          "surveillance:zone": "traffic"
        }
      }
    },
    {
      "type": "Feature",
      "geometry": {
        "type": "Point",
        "coordinates": [
          -93.1301433,
          36.2575626
        ]
      },
      "properties": {
        "osm_id": "node/13963514804",
        "name": null,
        "operator": null,
        "norec_status": "OSM_ONLY",
        "osm_surveillance_type": "ALPR",
        "camera_type": "fixed",
        "camera_mount": null,
        "raw_tags": {
          "camera:type": "fixed",
          "direction": "6",
          "man_made": "surveillance",
          "manufacturer": "Flock Safety",
          "manufacturer:wikidata": "Q108485435",
          "surveillance": "public",
          "surveillance:type": "ALPR",
          "surveillance:zone": "traffic"
        }
      }
    },
    {
      "type": "Feature",
      "geometry": {
        "type": "Point",
        "coordinates": [
          -93.1300403,
          36.2575083
        ]
      },
      "properties": {
        "osm_id": "node/13963516201",
        "name": null,
        "operator": null,
        "norec_status": "OSM_ONLY",
        "osm_surveillance_type": "ALPR",
        "camera_type": "fixed",
        "camera_mount": null,
        "raw_tags": {
          "camera:type": "fixed",
          "direction": "94",
          "man_made": "surveillance",
          "manufacturer": "Flock Safety",
          "manufacturer:wikidata": "Q108485435",
          "surveillance": "public",
          "surveillance:type": "ALPR",
          "surveillance:zone": "traffic"
        }
      }
    },
    {
      "type": "Feature",
      "geometry": {
        "type": "Point",
        "coordinates": [
          -86.2505542,
          39.9778056
        ]
      },
      "properties": {
        "osm_id": "node/13974908601",
        "name": null,
        "operator": null,
        "norec_status": "OSM_ONLY",
        "osm_surveillance_type": "ALPR",
        "camera_type": "fixed",
        "camera_mount": null,
        "raw_tags": {
          "camera:type": "fixed",
          "direction": "28",
          "man_made": "surveillance",
          "manufacturer": "Flock Safety",
          "manufacturer:wikidata": "Q108485435",
          "surveillance": "public",
          "surveillance:type": "ALPR",
          "surveillance:zone": "traffic"
        }
      }
    },
    {
      "type": "Feature",
      "geometry": {
        "type": "Point",
        "coordinates": [
          -84.6211933,
          38.9547415
        ]
      },
      "properties": {
        "osm_id": "node/13977466701",
        "name": null,
        "operator": null,
        "norec_status": "OSM_ONLY",
        "osm_surveillance_type": "ALPR",
        "camera_type": "fixed",
        "camera_mount": "pole",
        "raw_tags": {
          "camera:mount": "pole",
          "camera:type": "fixed",
          "direction": "151;264",
          "man_made": "surveillance",
          "manufacturer": "Flock Safety",
          "manufacturer:wikidata": "Q108485435",
          "surveillance": "public",
          "surveillance:type": "ALPR",
          "surveillance:zone": "traffic"
        }
      }
    },
    {
      "type": "Feature",
      "geometry": {
        "type": "Point",
        "coordinates": [
          -84.6782205,
          38.962817
        ]
      },
      "properties": {
        "osm_id": "node/13986942101",
        "name": null,
        "operator": null,
        "norec_status": "OSM_ONLY",
        "osm_surveillance_type": "ALPR",
        "camera_type": "fixed",
        "camera_mount": null,
        "raw_tags": {
          "camera:type": "fixed",
          "direction": "242",
          "man_made": "surveillance",
          "manufacturer": "Flock Safety",
          "manufacturer:wikidata": "Q108485435",
          "surveillance": "public",
          "surveillance:type": "ALPR",
          "surveillance:zone": "traffic"
        }
      }
    },
    {
      "type": "Feature",
      "geometry": {
        "type": "Point",
        "coordinates": [
          -86.4718197,
          40.0324073
        ]
      },
      "properties": {
        "osm_id": "node/13992764501",
        "name": null,
        "operator": null,
        "norec_status": "OSM_ONLY",
        "osm_surveillance_type": "ALPR",
        "camera_type": "fixed",
        "camera_mount": null,
        "raw_tags": {
          "camera:type": "fixed",
          "direction": "179",
          "man_made": "surveillance",
          "manufacturer": "Flock Safety",
          "manufacturer:wikidata": "Q108485435",
          "surveillance": "public",
          "surveillance:type": "ALPR",
          "surveillance:zone": "traffic"
        }
      }
    },
    {
      "type": "Feature",
      "geometry": {
        "type": "Point",
        "coordinates": [
          -86.4911634,
          40.0467196
        ]
      },
      "properties": {
        "osm_id": "node/13995515302",
        "name": null,
        "operator": null,
        "norec_status": "OSM_ONLY",
        "osm_surveillance_type": "ALPR",
        "camera_type": "fixed",
        "camera_mount": null,
        "raw_tags": {
          "camera:type": "fixed",
          "direction": "242",
          "man_made": "surveillance",
          "manufacturer": "Flock Safety",
          "manufacturer:wikidata": "Q108485435",
          "surveillance": "public",
          "surveillance:type": "ALPR",
          "surveillance:zone": "traffic"
        }
      }
    },
    {
      "type": "Feature",
      "geometry": {
        "type": "Point",
        "coordinates": [
          -92.2507604,
          38.9630526
        ]
      },
      "properties": {
        "osm_id": "node/13998247202",
        "name": null,
        "operator": null,
        "norec_status": "OSM_ONLY",
        "osm_surveillance_type": "ALPR",
        "camera_type": "fixed",
        "camera_mount": null,
        "raw_tags": {
          "camera:type": "fixed",
          "direction": "264",
          "man_made": "surveillance",
          "manufacturer": "Flock Safety",
          "manufacturer:wikidata": "Q108485435",
          "surveillance": "public",
          "surveillance:type": "ALPR",
          "surveillance:zone": "traffic"
        }
      }
    },
    {
      "type": "Feature",
      "geometry": {
        "type": "Point",
        "coordinates": [
          -92.2507729,
          38.9632028
        ]
      },
      "properties": {
        "osm_id": "node/13998247203",
        "name": null,
        "operator": null,
        "norec_status": "OSM_ONLY",
        "osm_surveillance_type": "ALPR",
        "camera_type": "fixed",
        "camera_mount": null,
        "raw_tags": {
          "camera:type": "fixed",
          "direction": "359",
          "man_made": "surveillance",
          "manufacturer": "Flock Safety",
          "manufacturer:wikidata": "Q108485435",
          "surveillance": "public",
          "surveillance:type": "ALPR",
          "surveillance:zone": "traffic"
        }
      }
    },
    {
      "type": "Feature",
      "geometry": {
        "type": "Point",
        "coordinates": [
          -92.2507729,
          38.9632028
        ]
      },
      "properties": {
        "osm_id": "node/13998253601",
        "name": null,
        "operator": null,
        "norec_status": "OSM_ONLY",
        "osm_surveillance_type": "ALPR",
        "camera_type": "fixed",
        "camera_mount": null,
        "raw_tags": {
          "camera:type": "fixed",
          "direction": "78",
          "man_made": "surveillance",
          "manufacturer": "Flock Safety",
          "manufacturer:wikidata": "Q108485435",
          "surveillance": "public",
          "surveillance:type": "ALPR",
          "surveillance:zone": "traffic"
        }
      }
    },
    {
      "type": "Feature",
      "geometry": {
        "type": "Point",
        "coordinates": [
          -86.3456855,
          39.9850836
        ]
      },
      "properties": {
        "osm_id": "node/14003153302",
        "name": null,
        "operator": null,
        "norec_status": "OSM_ONLY",
        "osm_surveillance_type": "ALPR",
        "camera_type": "fixed",
        "camera_mount": null,
        "raw_tags": {
          "camera:type": "fixed",
          "direction": "56",
          "man_made": "surveillance",
          "manufacturer": "Flock Safety",
          "manufacturer:wikidata": "Q108485435",
          "surveillance": "public",
          "surveillance:type": "ALPR",
          "surveillance:zone": "traffic"
        }
      }
    },
    {
      "type": "Feature",
      "geometry": {
        "type": "Point",
        "coordinates": [
          -86.4705024,
          40.0351017
        ]
      },
      "properties": {
        "osm_id": "node/14003343701",
        "name": null,
        "operator": null,
        "norec_status": "OSM_ONLY",
        "osm_surveillance_type": "ALPR",
        "camera_type": "fixed",
        "camera_mount": "pole",
        "raw_tags": {
          "camera:mount": "pole",
          "camera:type": "fixed",
          "direction": "340",
          "man_made": "surveillance",
          "manufacturer": "Flock Safety",
          "manufacturer:wikidata": "Q108485435",
          "surveillance": "public",
          "surveillance:type": "ALPR",
          "surveillance:zone": "traffic"
        }
      }
    },
    {
      "type": "Feature",
      "geometry": {
        "type": "Point",
        "coordinates": [
          -84.6226796,
          38.9457963
        ]
      },
      "properties": {
        "osm_id": "node/14005255401",
        "name": null,
        "operator": null,
        "norec_status": "OSM_ONLY",
        "osm_surveillance_type": "ALPR",
        "camera_type": "fixed",
        "camera_mount": "pole",
        "raw_tags": {
          "camera:mount": "pole",
          "camera:type": "fixed",
          "direction": "275;110",
          "man_made": "surveillance",
          "manufacturer": "Flock Safety",
          "manufacturer:wikidata": "Q108485435",
          "surveillance": "public",
          "surveillance:type": "ALPR",
          "surveillance:zone": "traffic"
        }
      }
    },
    {
      "type": "Feature",
      "geometry": {
        "type": "Point",
        "coordinates": [
          -84.6185382,
          39.0050951
        ]
      },
      "properties": {
        "osm_id": "node/14014582401",
        "name": null,
        "operator": null,
        "norec_status": "OSM_ONLY",
        "osm_surveillance_type": "ALPR",
        "camera_type": "fixed",
        "camera_mount": null,
        "raw_tags": {
          "camera:type": "fixed",
          "direction": "216",
          "man_made": "surveillance",
          "manufacturer": "Flock Safety",
          "manufacturer:wikidata": "Q108485435",
          "surveillance": "public",
          "surveillance:type": "ALPR",
          "surveillance:zone": "traffic"
        }
      }
    },
    {
      "type": "Feature",
      "geometry": {
        "type": "Point",
        "coordinates": [
          -92.3297464,
          38.952564
        ]
      },
      "properties": {
        "osm_id": "node/14016363201",
        "name": null,
        "operator": null,
        "norec_status": "OSM_ONLY",
        "osm_surveillance_type": "ALPR",
        "camera_type": "fixed",
        "camera_mount": "traffic_signals",
        "raw_tags": {
          "camera:mount": "traffic_signals",
          "camera:type": "fixed",
          "direction": "47;0;119",
          "man_made": "surveillance",
          "manufacturer": "Flock Safety",
          "manufacturer:wikidata": "Q108485435",
          "surveillance": "public",
          "surveillance:type": "ALPR",
          "surveillance:zone": "traffic"
        }
      }
    },
    {
      "type": "Feature",
      "geometry": {
        "type": "Point",
        "coordinates": [
          -92.3274546,
          38.9514141
        ]
      },
      "properties": {
        "osm_id": "node/14016363801",
        "name": null,
        "operator": null,
        "norec_status": "OSM_ONLY",
        "osm_surveillance_type": "ALPR",
        "camera_type": "fixed",
        "camera_mount": null,
        "raw_tags": {
          "camera:type": "fixed",
          "direction": "309;18",
          "man_made": "surveillance",
          "manufacturer": "Flock Safety",
          "manufacturer:wikidata": "Q108485435",
          "surveillance": "public",
          "surveillance:type": "ALPR",
          "surveillance:zone": "traffic"
        }
      }
    },
    {
      "type": "Feature",
      "geometry": {
        "type": "Point",
        "coordinates": [
          -86.4769234,
          40.0825553
        ]
      },
      "properties": {
        "osm_id": "node/14018827901",
        "name": null,
        "operator": null,
        "norec_status": "OSM_ONLY",
        "osm_surveillance_type": "ALPR",
        "camera_type": "fixed",
        "camera_mount": null,
        "raw_tags": {
          "camera:type": "fixed",
          "direction": "134",
          "man_made": "surveillance",
          "manufacturer": "Flock Safety",
          "manufacturer:wikidata": "Q108485435",
          "surveillance": "public",
          "surveillance:type": "ALPR",
          "surveillance:zone": "traffic"
        }
      }
    },
    {
      "type": "Feature",
      "geometry": {
        "type": "Point",
        "coordinates": [
          -92.3525658,
          38.8751451
        ]
      },
      "properties": {
        "osm_id": "node/14023276301",
        "name": null,
        "operator": null,
        "norec_status": "OSM_ONLY",
        "osm_surveillance_type": "ALPR",
        "camera_type": "fixed",
        "camera_mount": null,
        "raw_tags": {
          "camera:type": "fixed",
          "direction": "225",
          "man_made": "surveillance",
          "manufacturer": "Flock Safety",
          "manufacturer:wikidata": "Q108485435",
          "surveillance": "public",
          "surveillance:type": "ALPR",
          "surveillance:zone": "traffic"
        }
      }
    },
    {
      "type": "Feature",
      "geometry": {
        "type": "Point",
        "coordinates": [
          -92.3341179,
          38.9633171
        ]
      },
      "properties": {
        "osm_id": "node/14023276302",
        "name": null,
        "operator": null,
        "norec_status": "OSM_ONLY",
        "osm_surveillance_type": "ALPR",
        "camera_type": "fixed",
        "camera_mount": null,
        "raw_tags": {
          "camera:type": "fixed",
          "direction": "171",
          "man_made": "surveillance",
          "manufacturer": "Flock Safety",
          "manufacturer:wikidata": "Q108485435",
          "surveillance": "public",
          "surveillance:type": "ALPR",
          "surveillance:zone": "traffic"
        }
      }
    },
    {
      "type": "Feature",
      "geometry": {
        "type": "Point",
        "coordinates": [
          -92.4622103,
          39.1348852
        ]
      },
      "properties": {
        "osm_id": "node/14023288101",
        "name": null,
        "operator": null,
        "norec_status": "OSM_ONLY",
        "osm_surveillance_type": "ALPR",
        "camera_type": "fixed",
        "camera_mount": null,
        "raw_tags": {
          "camera:type": "fixed",
          "direction": "202",
          "man_made": "surveillance",
          "manufacturer": "Flock Safety",
          "manufacturer:wikidata": "Q108485435",
          "surveillance": "public",
          "surveillance:type": "ALPR",
          "surveillance:zone": "traffic"
        }
      }
    },
    {
      "type": "Feature",
      "geometry": {
        "type": "Point",
        "coordinates": [
          -86.4862258,
          40.0464592
        ]
      },
      "properties": {
        "osm_id": "node/14039667358",
        "name": null,
        "operator": null,
        "norec_status": "OSM_ONLY",
        "osm_surveillance_type": "ALPR",
        "camera_type": null,
        "camera_mount": null,
        "raw_tags": {
          "direction": "60",
          "man_made": "surveillance",
          "start_date": "2026-07-22",
          "surveillance": "traffic",
          "surveillance:type": "ALPR",
          "surveillance:zone": "traffic"
        }
      }
    },
    {
      "type": "Feature",
      "geometry": {
        "type": "Point",
        "coordinates": [
          -84.6248998,
          38.9394642
        ]
      },
      "properties": {
        "osm_id": "node/14040208101",
        "name": null,
        "operator": null,
        "norec_status": "OSM_ONLY",
        "osm_surveillance_type": "ALPR",
        "camera_type": "fixed",
        "camera_mount": "street_lamp",
        "raw_tags": {
          "camera:mount": "street_lamp",
          "camera:type": "fixed",
          "direction": "280",
          "man_made": "surveillance",
          "manufacturer": "Flock Safety",
          "manufacturer:wikidata": "Q108485435",
          "surveillance": "public",
          "surveillance:type": "ALPR",
          "surveillance:zone": "traffic"
        }
      }
    },
    {
      "type": "Feature",
      "geometry": {
        "type": "Point",
        "coordinates": [
          -84.6218498,
          38.952292
        ]
      },
      "properties": {
        "osm_id": "node/14040209201",
        "name": null,
        "operator": null,
        "norec_status": "OSM_ONLY",
        "osm_surveillance_type": "ALPR",
        "camera_type": "fixed",
        "camera_mount": "street_lamp",
        "raw_tags": {
          "camera:mount": "street_lamp",
          "camera:type": "fixed",
          "direction": "244;106",
          "man_made": "surveillance",
          "manufacturer": "Flock Safety",
          "manufacturer:wikidata": "Q108485435",
          "surveillance": "public",
          "surveillance:type": "ALPR",
          "surveillance:zone": "traffic"
        }
      }
    },
    {
      "type": "Feature",
      "geometry": {
        "type": "Point",
        "coordinates": [
          -92.3335913,
          38.9494799
        ]
      },
      "properties": {
        "osm_id": "node/14040701191",
        "name": null,
        "operator": null,
        "norec_status": "OSM_ONLY",
        "osm_surveillance_type": null,
        "camera_type": null,
        "camera_mount": null,
        "raw_tags": {
          "man_made": "surveillance"
        }
      }
    },
    {
      "type": "Feature",
      "geometry": {
        "type": "Point",
        "coordinates": [
          -84.6191346,
          38.9783516
        ]
      },
      "properties": {
        "osm_id": "node/14047898501",
        "name": null,
        "operator": null,
        "norec_status": "OSM_ONLY",
        "osm_surveillance_type": "ALPR",
        "camera_type": "fixed",
        "camera_mount": null,
        "raw_tags": {
          "camera:type": "fixed",
          "direction": "307",
          "man_made": "surveillance",
          "manufacturer": "Flock Safety",
          "manufacturer:wikidata": "Q108485435",
          "surveillance": "public",
          "surveillance:type": "ALPR",
          "surveillance:zone": "traffic"
        }
      }
    },
    {
      "type": "Feature",
      "geometry": {
        "type": "Point",
        "coordinates": [
          -92.3103897,
          38.9850571
        ]
      },
      "properties": {
        "osm_id": "node/14051559101",
        "name": null,
        "operator": null,
        "norec_status": "OSM_ONLY",
        "osm_surveillance_type": "ALPR",
        "camera_type": "fixed",
        "camera_mount": "pole",
        "raw_tags": {
          "camera:mount": "pole",
          "camera:type": "fixed",
          "direction": "124",
          "man_made": "surveillance",
          "manufacturer": "Flock Safety",
          "manufacturer:wikidata": "Q108485435",
          "surveillance": "public",
          "surveillance:type": "ALPR",
          "surveillance:zone": "traffic"
        }
      }
    },
    {
      "type": "Feature",
      "geometry": {
        "type": "Point",
        "coordinates": [
          -88.9004443,
          42.2380975
        ]
      },
      "properties": {
        "osm_id": "node/14053039301",
        "name": null,
        "operator": null,
        "norec_status": "OSM_ONLY",
        "osm_surveillance_type": "ALPR",
        "camera_type": "fixed",
        "camera_mount": "pole",
        "raw_tags": {
          "camera:mount": "pole",
          "camera:type": "fixed",
          "direction": "324",
          "man_made": "surveillance",
          "manufacturer": "Flock Safety",
          "manufacturer:wikidata": "Q108485435",
          "surveillance": "public",
          "surveillance:type": "ALPR",
          "surveillance:zone": "traffic"
        }
      }
    },
    {
      "type": "Feature",
      "geometry": {
        "type": "Point",
        "coordinates": [
          -84.6623896,
          38.9727749
        ]
      },
      "properties": {
        "osm_id": "node/14055346101",
        "name": null,
        "operator": null,
        "norec_status": "OSM_ONLY",
        "osm_surveillance_type": "ALPR",
        "camera_type": "fixed",
        "camera_mount": null,
        "raw_tags": {
          "camera:type": "fixed",
          "direction": "34",
          "man_made": "surveillance",
          "manufacturer": "Flock Safety",
          "manufacturer:wikidata": "Q108485435",
          "surveillance": "public",
          "surveillance:type": "ALPR",
          "surveillance:zone": "traffic"
        }
      }
    },
    {
      "type": "Feature",
      "geometry": {
        "type": "Point",
        "coordinates": [
          -84.6284288,
          38.9449611
        ]
      },
      "properties": {
        "osm_id": "node/14060328801",
        "name": null,
        "operator": null,
        "norec_status": "OSM_ONLY",
        "osm_surveillance_type": "ALPR",
        "camera_type": "fixed",
        "camera_mount": "pole",
        "raw_tags": {
          "camera:mount": "pole",
          "camera:type": "fixed",
          "direction": "0",
          "man_made": "surveillance",
          "manufacturer": "Flock Safety",
          "manufacturer:wikidata": "Q108485435",
          "surveillance": "public",
          "surveillance:type": "ALPR",
          "surveillance:zone": "traffic"
        }
      }
    },
    {
      "type": "Feature",
      "geometry": {
        "type": "Point",
        "coordinates": [
          -84.6284288,
          38.9449611
        ]
      },
      "properties": {
        "osm_id": "node/14060330701",
        "name": null,
        "operator": null,
        "norec_status": "OSM_ONLY",
        "osm_surveillance_type": "ALPR",
        "camera_type": "fixed",
        "camera_mount": null,
        "raw_tags": {
          "camera:type": "fixed",
          "direction": "216",
          "man_made": "surveillance",
          "manufacturer": "Flock Safety",
          "manufacturer:wikidata": "Q108485435",
          "surveillance": "public",
          "surveillance:type": "ALPR",
          "surveillance:zone": "traffic"
        }
      }
    },
    {
      "type": "Feature",
      "geometry": {
        "type": "Point",
        "coordinates": [
          -84.6125341,
          38.940884
        ]
      },
      "properties": {
        "osm_id": "node/14065181369",
        "name": null,
        "operator": null,
        "norec_status": "OSM_ONLY",
        "osm_surveillance_type": "ALPR",
        "camera_type": null,
        "camera_mount": null,
        "raw_tags": {
          "direction": "200",
          "man_made": "surveillance",
          "surveillance:type": "ALPR",
          "surveillance:zone": "entrance"
        }
      }
    },
    {
      "type": "Feature",
      "geometry": {
        "type": "Point",
        "coordinates": [
          -84.612561,
          38.9407182
        ]
      },
      "properties": {
        "osm_id": "node/14065215442",
        "name": null,
        "operator": null,
        "norec_status": "OSM_ONLY",
        "osm_surveillance_type": "ALPR",
        "camera_type": null,
        "camera_mount": null,
        "raw_tags": {
          "direction": "350",
          "man_made": "surveillance",
          "surveillance:type": "ALPR",
          "surveillance:zone": "exit"
        }
      }
    },
    {
      "type": "Feature",
      "geometry": {
        "type": "Point",
        "coordinates": [
          -93.1323664,
          36.2586757
        ]
      },
      "properties": {
        "osm_id": "node/14071370402",
        "name": null,
        "operator": null,
        "norec_status": "OSM_ONLY",
        "osm_surveillance_type": "ALPR",
        "camera_type": "fixed",
        "camera_mount": null,
        "raw_tags": {
          "camera:type": "fixed",
          "direction": "347",
          "man_made": "surveillance",
          "manufacturer": "Flock Safety",
          "manufacturer:wikidata": "Q108485435",
          "surveillance": "public",
          "surveillance:type": "ALPR",
          "surveillance:zone": "traffic"
        }
      }
    },
    {
      "type": "Feature",
      "geometry": {
        "type": "Point",
        "coordinates": [
          -93.1324508,
          36.2586569
        ]
      },
      "properties": {
        "osm_id": "node/14071372201",
        "name": null,
        "operator": null,
        "norec_status": "OSM_ONLY",
        "osm_surveillance_type": "ALPR",
        "camera_type": "fixed",
        "camera_mount": null,
        "raw_tags": {
          "camera:type": "fixed",
          "direction": "143",
          "man_made": "surveillance",
          "manufacturer": "Flock Safety",
          "manufacturer:wikidata": "Q108485435",
          "surveillance": "public",
          "surveillance:type": "ALPR",
          "surveillance:zone": "traffic"
        }
      }
    },
    {
      "type": "Feature",
      "geometry": {
        "type": "Point",
        "coordinates": [
          -86.3697306,
          39.9443014
        ]
      },
      "properties": {
        "osm_id": "node/14073419302",
        "name": null,
        "operator": null,
        "norec_status": "OSM_ONLY",
        "osm_surveillance_type": "ALPR",
        "camera_type": "fixed",
        "camera_mount": null,
        "raw_tags": {
          "camera:type": "fixed",
          "direction": "179",
          "man_made": "surveillance",
          "manufacturer": "Flock Safety",
          "manufacturer:wikidata": "Q108485435",
          "surveillance": "public",
          "surveillance:type": "ALPR",
          "surveillance:zone": "traffic"
        }
      }
    },
    {
      "type": "Feature",
      "geometry": {
        "type": "Point",
        "coordinates": [
          -86.3581302,
          39.9458309
        ]
      },
      "properties": {
        "osm_id": "node/14073422601",
        "name": null,
        "operator": null,
        "norec_status": "OSM_ONLY",
        "osm_surveillance_type": "ALPR",
        "camera_type": "fixed",
        "camera_mount": null,
        "raw_tags": {
          "camera:type": "fixed",
          "direction": "294",
          "man_made": "surveillance",
          "manufacturer": "Flock Safety",
          "manufacturer:wikidata": "Q108485435",
          "surveillance": "public",
          "surveillance:type": "ALPR",
          "surveillance:zone": "traffic"
        }
      }
    },
    {
      "type": "Feature",
      "geometry": {
        "type": "Point",
        "coordinates": [
          -93.0363092,
          36.1940485
        ]
      },
      "properties": {
        "osm_id": "node/14076911901",
        "name": null,
        "operator": null,
        "norec_status": "OSM_ONLY",
        "osm_surveillance_type": "ALPR",
        "camera_type": "fixed",
        "camera_mount": null,
        "raw_tags": {
          "camera:type": "fixed",
          "direction": "92",
          "man_made": "surveillance",
          "manufacturer": "Flock Safety",
          "manufacturer:wikidata": "Q108485435",
          "surveillance": "public",
          "surveillance:type": "ALPR",
          "surveillance:zone": "traffic"
        }
      }
    },
    {
      "type": "Feature",
      "geometry": {
        "type": "Point",
        "coordinates": [
          -86.2605876,
          39.9894096
        ]
      },
      "properties": {
        "osm_id": "node/14079417502",
        "name": null,
        "operator": null,
        "norec_status": "OSM_ONLY",
        "osm_surveillance_type": "ALPR",
        "camera_type": "fixed",
        "camera_mount": "pole",
        "raw_tags": {
          "camera:mount": "pole",
          "camera:type": "fixed",
          "direction": "220;120",
          "man_made": "surveillance",
          "manufacturer": "Flock Safety",
          "manufacturer:wikidata": "Q108485435",
          "surveillance": "public",
          "surveillance:type": "ALPR",
          "surveillance:zone": "traffic"
        }
      }
    },
    {
      "type": "Feature",
      "geometry": {
        "type": "Point",
        "coordinates": [
          -86.2592184,
          39.986203
        ]
      },
      "properties": {
        "osm_id": "node/14079419701",
        "name": null,
        "operator": null,
        "norec_status": "OSM_ONLY",
        "osm_surveillance_type": "ALPR",
        "camera_type": "fixed",
        "camera_mount": "pole",
        "raw_tags": {
          "camera:mount": "pole",
          "camera:type": "fixed",
          "direction": "120;187",
          "man_made": "surveillance",
          "manufacturer": "Flock Safety",
          "manufacturer:wikidata": "Q108485435",
          "surveillance": "public",
          "surveillance:type": "ALPR",
          "surveillance:zone": "traffic"
        }
      }
    },
    {
      "type": "Feature",
      "geometry": {
        "type": "Point",
        "coordinates": [
          -88.90055,
          42.2372382
        ]
      },
      "properties": {
        "osm_id": "node/14079754149",
        "name": null,
        "operator": null,
        "norec_status": "OSM_ONLY",
        "osm_surveillance_type": "ALPR",
        "camera_type": "fixed",
        "camera_mount": "pole",
        "raw_tags": {
          "agency": "Boone County Sheriff's Office",
          "camera:mount": "pole",
          "camera:type": "fixed",
          "direction": "0",
          "man_made": "surveillance",
          "manufacturer": "Flock Safety",
          "manufacturer:wikidata": "Q108485435",
          "surveillance": "public",
          "surveillance:type": "ALPR",
          "surveillance:zone": "traffic"
        }
      }
    },
    {
      "type": "Feature",
      "geometry": {
        "type": "Point",
        "coordinates": [
          -86.2458466,
          39.9915151
        ]
      },
      "properties": {
        "osm_id": "node/14084295701",
        "name": null,
        "operator": null,
        "norec_status": "OSM_ONLY",
        "osm_surveillance_type": "ALPR",
        "camera_type": "fixed",
        "camera_mount": null,
        "raw_tags": {
          "camera:type": "fixed",
          "direction": "163",
          "man_made": "surveillance",
          "manufacturer": "Flock Safety",
          "manufacturer:wikidata": "Q108485435",
          "surveillance": "public",
          "surveillance:type": "ALPR",
          "surveillance:zone": "traffic"
        }
      }
    },
    {
      "type": "Feature",
      "geometry": {
        "type": "Point",
        "coordinates": [
          -92.3512724,
          38.9859671
        ]
      },
      "properties": {
        "osm_id": "node/14092261801",
        "name": null,
        "operator": null,
        "norec_status": "OSM_ONLY",
        "osm_surveillance_type": "ALPR",
        "camera_type": "fixed",
        "camera_mount": null,
        "raw_tags": {
          "camera:type": "fixed",
          "direction": "176",
          "man_made": "surveillance",
          "manufacturer": "Flock Safety",
          "manufacturer:wikidata": "Q108485435",
          "surveillance": "public",
          "surveillance:type": "ALPR",
          "surveillance:zone": "traffic"
        }
      }
    },
    {
      "type": "Feature",
      "geometry": {
        "type": "Point",
        "coordinates": [
          -92.3238791,
          38.9931252
        ]
      },
      "properties": {
        "osm_id": "node/14092265001",
        "name": null,
        "operator": null,
        "norec_status": "OSM_ONLY",
        "osm_surveillance_type": "ALPR",
        "camera_type": "fixed",
        "camera_mount": "traffic_signals",
        "raw_tags": {
          "camera:mount": "traffic_signals",
          "camera:type": "fixed",
          "direction": "129",
          "man_made": "surveillance",
          "manufacturer": "Flock Safety",
          "manufacturer:wikidata": "Q108485435",
          "surveillance": "public",
          "surveillance:type": "ALPR",
          "surveillance:zone": "traffic"
        }
      }
    },
    {
      "type": "Feature",
      "geometry": {
        "type": "Point",
        "coordinates": [
          -92.9219049,
          36.2127008
        ]
      },
      "properties": {
        "osm_id": "node/14103864201",
        "name": null,
        "operator": null,
        "norec_status": "OSM_ONLY",
        "osm_surveillance_type": "ALPR",
        "camera_type": "fixed",
        "camera_mount": null,
        "raw_tags": {
          "camera:type": "fixed",
          "direction": "191",
          "man_made": "surveillance",
          "manufacturer": "Flock Safety",
          "manufacturer:wikidata": "Q108485435",
          "surveillance": "public",
          "surveillance:type": "ALPR",
          "surveillance:zone": "traffic"
        }
      }
    },
    {
      "type": "Feature",
      "geometry": {
        "type": "Point",
        "coordinates": [
          -86.4621623,
          40.0326847
        ]
      },
      "properties": {
        "osm_id": "node/14108125601",
        "name": null,
        "operator": null,
        "norec_status": "OSM_ONLY",
        "osm_surveillance_type": "ALPR",
        "camera_type": "fixed",
        "camera_mount": "pole",
        "raw_tags": {
          "camera:mount": "pole",
          "camera:type": "fixed",
          "direction": "328",
          "man_made": "surveillance",
          "manufacturer": "Flock Safety",
          "manufacturer:wikidata": "Q108485435",
          "surveillance": "public",
          "surveillance:type": "ALPR",
          "surveillance:zone": "traffic"
        }
      }
    },
    {
      "type": "Feature",
      "geometry": {
        "type": "Point",
        "coordinates": [
          -86.3981451,
          39.9796392
        ]
      },
      "properties": {
        "osm_id": "node/14113217601",
        "name": null,
        "operator": null,
        "norec_status": "OSM_ONLY",
        "osm_surveillance_type": "ALPR",
        "camera_type": "fixed",
        "camera_mount": null,
        "raw_tags": {
          "camera:type": "fixed",
          "direction": "196",
          "man_made": "surveillance",
          "manufacturer": "Flock Safety",
          "manufacturer:wikidata": "Q108485435",
          "surveillance": "public",
          "surveillance:type": "ALPR",
          "surveillance:zone": "traffic"
        }
      }
    },
    {
      "type": "Feature",
      "geometry": {
        "type": "Point",
        "coordinates": [
          -84.8180113,
          39.0963177
        ]
      },
      "properties": {
        "osm_id": "node/14115776501",
        "name": null,
        "operator": null,
        "norec_status": "OSM_ONLY",
        "osm_surveillance_type": "ALPR",
        "camera_type": "fixed",
        "camera_mount": null,
        "raw_tags": {
          "camera:type": "fixed",
          "direction": "245",
          "man_made": "surveillance",
          "manufacturer": "Leonardo",
          "manufacturer:wikidata": "Q910379",
          "surveillance": "public",
          "surveillance:type": "ALPR",
          "surveillance:zone": "traffic"
        }
      }
    },
    {
      "type": "Feature",
      "geometry": {
        "type": "Point",
        "coordinates": [
          -86.3577907,
          39.9436959
        ]
      },
      "properties": {
        "osm_id": "node/14124968801",
        "name": null,
        "operator": null,
        "norec_status": "OSM_ONLY",
        "osm_surveillance_type": "ALPR",
        "camera_type": "fixed",
        "camera_mount": null,
        "raw_tags": {
          "camera:type": "fixed",
          "direction": "187",
          "man_made": "surveillance",
          "manufacturer": "Flock Safety",
          "manufacturer:wikidata": "Q108485435",
          "surveillance": "public",
          "surveillance:type": "ALPR",
          "surveillance:zone": "traffic"
        }
      }
    },
    {
      "type": "Feature",
      "geometry": {
        "type": "Point",
        "coordinates": [
          -92.336166,
          38.9103801
        ]
      },
      "properties": {
        "osm_id": "node/14135784201",
        "name": null,
        "operator": null,
        "norec_status": "OSM_ONLY",
        "osm_surveillance_type": "ALPR",
        "camera_type": "fixed",
        "camera_mount": null,
        "raw_tags": {
          "camera:type": "fixed",
          "direction": "220",
          "man_made": "surveillance",
          "manufacturer": "Flock Safety",
          "manufacturer:wikidata": "Q108485435",
          "surveillance": "public",
          "surveillance:type": "ALPR",
          "surveillance:zone": "traffic"
        }
      }
    },
    {
      "type": "Feature",
      "geometry": {
        "type": "Point",
        "coordinates": [
          -86.609205,
          40.1292684
        ]
      },
      "properties": {
        "osm_id": "node/14135824001",
        "name": null,
        "operator": null,
        "norec_status": "OSM_ONLY",
        "osm_surveillance_type": "ALPR",
        "camera_type": "fixed",
        "camera_mount": null,
        "raw_tags": {
          "camera:type": "fixed",
          "direction": "0",
          "man_made": "surveillance",
          "surveillance": "public",
          "surveillance:type": "ALPR",
          "surveillance:zone": "traffic"
        }
      }
    },
    {
      "type": "Feature",
      "geometry": {
        "type": "Point",
        "coordinates": [
          -86.2971374,
          40.0653335
        ]
      },
      "properties": {
        "osm_id": "node/14173161301",
        "name": null,
        "operator": null,
        "norec_status": "OSM_ONLY",
        "osm_surveillance_type": "ALPR",
        "camera_type": "fixed",
        "camera_mount": "pole",
        "raw_tags": {
          "camera:mount": "pole",
          "camera:type": "fixed",
          "direction": "38",
          "man_made": "surveillance",
          "manufacturer": "Flock Safety",
          "manufacturer:wikidata": "Q108485435",
          "surveillance": "public",
          "surveillance:type": "ALPR",
          "surveillance:zone": "traffic"
        }
      }
    },
    {
      "type": "Feature",
      "geometry": {
        "type": "Point",
        "coordinates": [
          -92.2938825,
          38.890851
        ]
      },
      "properties": {
        "osm_id": "node/14175281502",
        "name": null,
        "operator": null,
        "norec_status": "OSM_ONLY",
        "osm_surveillance_type": "ALPR",
        "camera_type": "fixed",
        "camera_mount": null,
        "raw_tags": {
          "camera:type": "fixed",
          "direction": "189",
          "man_made": "surveillance",
          "manufacturer": "Flock Safety",
          "manufacturer:wikidata": "Q108485435",
          "surveillance": "public",
          "surveillance:type": "ALPR",
          "surveillance:zone": "traffic"
        }
      }
    },
    {
      "type": "Feature",
      "geometry": {
        "type": "Point",
        "coordinates": [
          -88.8344228,
          42.2334087
        ]
      },
      "properties": {
        "osm_id": "node/14181268676",
        "name": null,
        "operator": "Subway",
        "norec_status": "OSM_ONLY",
        "osm_surveillance_type": null,
        "camera_type": null,
        "camera_mount": null,
        "raw_tags": {
          "man_made": "surveillance",
          "operator": "Subway",
          "operator:wikidata": "Q244457"
        }
      }
    },
    {
      "type": "Feature",
      "geometry": {
        "type": "Point",
        "coordinates": [
          -84.6521328,
          39.0060988
        ]
      },
      "properties": {
        "osm_id": "node/14188729301",
        "name": null,
        "operator": null,
        "norec_status": "OSM_ONLY",
        "osm_surveillance_type": "ALPR",
        "camera_type": "fixed",
        "camera_mount": null,
        "raw_tags": {
          "camera:type": "fixed",
          "direction": "19",
          "man_made": "surveillance",
          "manufacturer": "Flock Safety",
          "manufacturer:wikidata": "Q108485435",
          "surveillance": "public",
          "surveillance:type": "ALPR",
          "surveillance:zone": "traffic"
        }
      }
    }
  ]
}
